"user_id","donates"
1,0
2,1
3,1
4,0
5,1
6,0
7,0
8,1
9,0
10,0
11,0
12,0
13,0
14,0
15,0
16,1
17,1
18,0
19,1
20,0
21,1
22,1
23,0
24,1
25,0
26,0
27,0
28,1
29,0
30,0
31,1
32,0
33,0
34,0
35,1
36,1
37,1
38,1
39,0
40,1
41,0
42,0
43,0
44,0
45,0
46,1
47,0
48,1
49,1
50,0
51,0
52,0
53,1
54,1
55,0
56,0
57,0
58,1
59,0
60,0
61,0
62,1
63,1
64,0
65,0
66,1
67,0
68,1
69,1
70,0
71,0
72,0
73,0
74,0
75,1
76,0
77,1
78,0
79,0
80,1
81,0
82,0
83,0
84,1
85,1
86,0
87,1
88,1
89,1
90,0
91,0
92,0
93,0
94,0
95,0
96,0
97,0
98,0
99,0
100,1
101,0
102,0
103,0
104,1
105,1
106,1
107,1
108,0
109,1
110,1
111,1
112,1
113,1
114,0
115,0
116,1
117,1
118,0
119,1
120,0
121,1
122,0
123,1
124,0
125,1
126,0
127,0
128,0
129,0
130,0
131,0
132,0
133,0
134,0
135,0
136,1
137,0
138,0
139,0
140,1
141,1
142,1
143,0
144,0
145,1
146,1
147,0
148,1
149,0
150,0
151,1
152,1
153,0
154,1
155,0
156,1
157,0
158,1
159,1
160,0
161,0
162,0
163,1
164,0
165,1
166,1
167,0
168,1
169,0
170,0
171,0
172,0
173,0
174,0
175,1
176,0
177,1
178,1
179,0
180,0
181,1
182,0
183,0
184,1
185,0
186,0
187,1
188,0
189,1
190,0
191,0
192,0
193,1
194,1
195,0
196,0
197,0
198,1
199,1
200,0
201,1
202,1
203,1
204,1
205,0
206,0
207,0
208,1
209,0
210,1
211,1
212,0
213,0
214,0
215,1
216,0
217,0
218,0
219,0
220,0
221,1
222,0
223,1
224,0
225,1
226,0
227,1
228,0
229,1
230,0
231,0
232,1
233,0
234,1
235,1
236,1
237,0
238,1
239,0
240,1
241,1
242,0
243,1
244,0
245,1
246,0
247,0
248,1
249,1
250,0
251,0
252,1
253,0
254,0
255,1
256,1
257,1
258,0
259,0
260,1
261,1
262,0
263,1
264,1
265,0
266,0
267,0
268,1
269,0
270,0
271,1
272,1
273,0
274,0
275,1
276,0
277,0
278,1
279,1
280,0
281,0
282,1
283,0
284,1
285,1
286,1
287,0
288,0
289,1
290,0
291,0
292,0
293,1
294,0
295,0
296,0
297,0
298,1
299,1
300,0
301,0
302,0
303,0
304,0
305,0
306,0
307,1
308,0
309,1
310,0
311,1
312,0
313,1
314,1
315,0
316,0
317,0
318,1
319,1
320,1
321,1
322,0
323,1
324,0
325,0
326,1
327,0
328,1
329,1
330,0
331,0
332,1
333,1
334,1
335,0
336,1
337,1
338,1
339,0
340,1
341,0
342,0
343,0
344,1
345,0
346,1
347,0
348,1
349,1
350,1
351,0
352,0
353,1
354,1
355,0
356,1
357,1
358,0
359,1
360,0
361,1
362,1
363,1
364,0
365,1
366,0
367,0
368,0
369,0
370,0
371,0
372,1
373,1
374,0
375,0
376,0
377,0
378,0
379,0
380,0
381,0
382,1
383,0
384,1
385,0
386,1
387,0
388,0
389,1
390,1
391,0
392,1
393,0
394,1
395,1
396,1
397,0
398,0
399,1
400,0
401,0
402,0
403,0
404,1
405,0
406,0
407,1
408,0
409,0
410,1
411,0
412,0
413,0
414,0
415,1
416,0
417,0
418,0
419,0
420,1
421,0
422,1
423,0
424,1
425,0
426,0
427,0
428,0
429,0
430,0
431,0
432,0
433,1
434,1
435,1
436,0
437,1
438,0
439,1
440,1
441,0
442,1
443,1
444,1
445,0
446,0
447,0
448,1
449,0
450,1
451,1
452,1
453,1
454,0
455,0
456,0
457,0
458,1
459,0
460,0
461,1
462,0
463,1
464,0
465,0
466,1
467,0
468,0
469,1
470,0
471,0
472,0
473,0
474,0
475,0
476,1
477,1
478,0
479,0
480,1
481,0
482,0
483,0
484,0
485,0
486,0
487,0
488,1
489,0
490,0
491,1
492,1
493,1
494,0
495,1
496,0
497,0
498,0
499,1
500,0
501,1
502,1
503,1
504,0
505,1
506,1
507,0
508,0
509,0
510,1
511,0
512,0
513,1
514,0
515,0
516,0
517,0
518,0
519,1
520,0
521,1
522,0
523,0
524,0
525,0
526,0
527,0
528,0
529,0
530,1
531,1
532,1
533,0
534,0
535,1
536,0
537,1
538,0
539,0
540,1
541,0
542,0
543,0
544,0
545,0
546,0
547,1
548,0
549,1
550,1
551,0
552,0
553,1
554,0
555,0
556,0
557,0
558,1
559,1
560,1
561,0
562,1
563,0
564,1
565,0
566,1
567,1
568,0
569,1
570,0
571,0
572,1
573,1
574,1
575,0
576,1
577,1
578,0
579,0
580,0
581,0
582,1
583,1
584,0
585,0
586,0
587,0
588,0
589,1
590,0
591,0
592,1
593,0
594,0
595,1
596,0
597,0
598,0
599,0
600,1
601,0
602,0
603,1
604,0
605,0
606,0
607,1
608,0
609,0
610,0
611,0
612,0
613,1
614,0
615,0
616,1
617,0
618,1
619,0
620,0
621,1
622,1
623,1
624,0
625,0
626,1
627,1
628,1
629,0
630,1
631,0
632,0
633,0
634,1
635,0
636,0
637,1
638,1
639,1
640,0
641,0
642,0
643,1
644,0
645,1
646,1
647,0
648,0
649,1
650,0
651,1
652,0
653,0
654,0
655,0
656,1
657,0
658,0
659,0
660,0
661,0
662,0
663,1
664,1
665,1
666,0
667,0
668,1
669,1
670,1
671,0
672,0
673,0
674,0
675,0
676,0
677,0
678,0
679,1
680,0
681,0
682,1
683,1
684,0
685,1
686,1
687,0
688,0
689,0
690,0
691,0
692,0
693,1
694,0
695,1
696,0
697,0
698,0
699,0
700,0
701,1
702,0
703,0
704,1
705,0
706,1
707,1
708,0
709,1
710,0
711,0
712,0
713,0
714,1
715,0
716,0
717,0
718,0
719,0
720,0
721,1
722,1
723,1
724,1
725,1
726,1
727,0
728,0
729,1
730,0
731,1
732,0
733,1
734,0
735,1
736,0
737,1
738,0
739,1
740,0
741,0
742,0
743,1
744,1
745,0
746,0
747,0
748,0
749,1
750,1
751,1
752,0
753,1
754,0
755,0
756,1
757,0
758,0
759,0
760,0
761,0
762,0
763,0
764,0
765,1
766,0
767,0
768,0
769,0
770,0
771,0
772,0
773,0
774,1
775,0
776,0
777,0
778,0
779,1
780,1
781,0
782,0
783,0
784,0
785,0
786,0
787,1
788,0
789,0
790,0
791,0
792,0
793,0
794,0
795,0
796,0
797,1
798,0
799,0
800,0
801,0
802,0
803,0
804,0
805,0
806,0
807,1
808,0
809,1
810,1
811,0
812,0
813,0
814,0
815,1
816,1
817,1
818,0
819,0
820,0
821,0
822,0
823,0
824,1
825,0
826,0
827,0
828,0
829,1
830,0
831,0
832,0
833,0
834,1
835,1
836,1
837,0
838,0
839,1
840,1
841,1
842,1
843,1
844,0
845,0
846,0
847,0
848,1
849,0
850,0
851,0
852,1
853,0
854,1
855,0
856,1
857,0
858,0
859,0
860,1
861,1
862,1
863,1
864,0
865,1
866,0
867,0
868,0
869,1
870,0
871,0
872,0
873,0
874,1
875,0
876,0
877,0
878,0
879,1
880,1
881,0
882,1
883,0
884,0
885,0
886,0
887,1
888,1
889,1
890,0
891,0
892,0
893,1
894,1
895,1
896,0
897,1
898,0
899,1
900,0
901,1
902,0
903,0
904,0
905,1
906,0
907,1
908,1
909,1
910,0
911,0
912,0
913,1
914,0
915,0
916,1
917,0
918,0
919,1
920,0
921,0
922,1
923,0
924,0
925,0
926,1
927,1
928,1
929,0
930,0
931,1
932,0
933,1
934,0
935,0
936,1
937,0
938,1
939,1
940,1
941,0
942,1
943,0
944,1
945,0
946,0
947,1
948,1
949,0
950,1
951,0
952,0
953,1
954,0
955,1
956,0
957,0
958,1
959,1
960,1
961,1
962,0
963,1
964,0
965,1
966,0
967,0
968,0
969,1
970,1
971,1
972,0
973,0
974,0
975,0
976,0
977,0
978,1
979,0
980,0
981,1
982,1
983,0
984,0
985,0
986,0
987,1
988,0
989,1
990,0
991,1
992,0
993,1
994,1
995,0
996,1
997,1
998,0
999,1
1000,1
1001,1
1002,1
1003,0
1004,1
1005,0
1006,0
1007,1
1008,1
1009,0
1010,0
1011,0
1012,1
1013,0
1014,1
1015,0
1016,0
1017,0
1018,0
1019,1
1020,0
1021,0
1022,1
1023,0
1024,0
1025,0
1026,1
1027,0
1028,0
1029,0
1030,1
1031,1
1032,0
1033,1
1034,1
1035,1
1036,0
1037,1
1038,1
1039,0
1040,0
1041,1
1042,1
1043,1
1044,0
1045,0
1046,1
1047,1
1048,0
1049,0
1050,0
1051,0
1052,1
1053,1
1054,0
1055,0
1056,1
1057,0
1058,0
1059,0
1060,1
1061,0
1062,0
1063,1
1064,0
1065,1
1066,0
1067,1
1068,0
1069,0
1070,0
1071,0
1072,1
1073,0
1074,1
1075,0
1076,0
1077,0
1078,1
1079,0
1080,0
1081,0
1082,1
1083,1
1084,1
1085,0
1086,0
1087,0
1088,0
1089,1
1090,0
1091,0
1092,0
1093,0
1094,0
1095,0
1096,1
1097,1
1098,1
1099,0
1100,1
1101,0
1102,1
1103,0
1104,1
1105,0
1106,0
1107,0
1108,0
1109,0
1110,0
1111,0
1112,0
1113,0
1114,0
1115,0
1116,0
1117,1
1118,1
1119,0
1120,0
1121,0
1122,1
1123,0
1124,1
1125,0
1126,0
1127,1
1128,1
1129,1
1130,0
1131,0
1132,0
1133,1
1134,0
1135,0
1136,0
1137,1
1138,1
1139,1
1140,1
1141,1
1142,0
1143,1
1144,0
1145,0
1146,0
1147,0
1148,0
1149,0
1150,0
1151,1
1152,1
1153,0
1154,1
1155,0
1156,0
1157,0
1158,0
1159,0
1160,1
1161,0
1162,1
1163,0
1164,0
1165,0
1166,0
1167,0
1168,0
1169,0
1170,0
1171,0
1172,1
1173,0
1174,1
1175,0
1176,0
1177,0
1178,0
1179,0
1180,0
1181,0
1182,1
1183,1
1184,0
1185,0
1186,0
1187,1
1188,0
1189,0
1190,1
1191,0
1192,1
1193,1
1194,0
1195,1
1196,0
1197,0
1198,0
1199,0
1200,0
1201,1
1202,0
1203,0
1204,0
1205,0
1206,1
1207,0
1208,0
1209,1
1210,1
1211,0
1212,1
1213,0
1214,0
1215,1
1216,0
1217,0
1218,1
1219,0
1220,1
1221,1
1222,1
1223,1
1224,1
1225,1
1226,0
1227,0
1228,0
1229,1
1230,0
1231,0
1232,0
1233,0
1234,0
1235,0
1236,0
1237,0
1238,0
1239,1
1240,1
1241,1
1242,0
1243,0
1244,0
1245,1
1246,1
1247,0
1248,0
1249,0
1250,1
1251,0
1252,1
1253,0
1254,0
1255,1
1256,0
1257,0
1258,0
1259,0
1260,0
1261,0
1262,1
1263,0
1264,0
1265,0
1266,1
1267,0
1268,0
1269,0
1270,1
1271,0
1272,0
1273,1
1274,0
1275,1
1276,0
1277,0
1278,1
1279,1
1280,1
1281,0
1282,1
1283,1
1284,0
1285,0
1286,1
1287,0
1288,1
1289,0
1290,1
1291,1
1292,0
1293,0
1294,0
1295,0
1296,1
1297,0
1298,0
1299,0
1300,1
1301,1
1302,0
1303,1
1304,0
1305,1
1306,0
1307,0
1308,0
1309,1
1310,0
1311,1
1312,0
1313,0
1314,1
1315,0
1316,0
1317,0
1318,0
1319,0
1320,0
1321,1
1322,0
1323,1
1324,0
1325,0
1326,1
1327,1
1328,1
1329,0
1330,0
1331,0
1332,0
1333,0
1334,0
1335,0
1336,0
1337,1
1338,0
1339,1
1340,0
1341,0
1342,0
1343,0
1344,0
1345,0
1346,1
1347,0
1348,0
1349,1
1350,0
1351,1
1352,0
1353,0
1354,1
1355,1
1356,0
1357,0
1358,0
1359,1
1360,0
1361,1
1362,1
1363,1
1364,0
1365,1
1366,0
1367,1
1368,0
1369,0
1370,1
1371,1
1372,1
1373,1
1374,0
1375,1
1376,0
1377,1
1378,1
1379,1
1380,1
1381,0
1382,0
1383,0
1384,0
1385,0
1386,0
1387,1
1388,0
1389,1
1390,0
1391,0
1392,1
1393,1
1394,1
1395,0
1396,0
1397,1
1398,1
1399,1
1400,0
1401,1
1402,1
1403,1
1404,0
1405,1
1406,1
1407,0
1408,0
1409,0
1410,0
1411,0
1412,0
1413,1
1414,1
1415,0
1416,0
1417,0
1418,0
1419,1
1420,0
1421,0
1422,1
1423,1
1424,0
1425,0
1426,1
1427,0
1428,0
1429,0
1430,1
1431,0
1432,0
1433,0
1434,1
1435,0
1436,0
1437,1
1438,0
1439,0
1440,0
1441,1
1442,0
1443,0
1444,0
1445,1
1446,1
1447,0
1448,0
1449,1
1450,1
1451,0
1452,0
1453,1
1454,1
1455,0
1456,0
1457,1
1458,1
1459,1
1460,1
1461,0
1462,1
1463,0
1464,0
1465,0
1466,0
1467,0
1468,0
1469,0
1470,0
1471,1
1472,0
1473,1
1474,0
1475,1
1476,0
1477,1
1478,0
1479,1
1480,0
1481,1
1482,0
1483,1
1484,1
1485,0
1486,1
1487,0
1488,1
1489,0
1490,0
1491,1
1492,1
1493,1
1494,0
1495,0
1496,0
1497,0
1498,0
1499,0
1500,1
1501,0
1502,0
1503,0
1504,0
1505,0
1506,0
1507,0
1508,0
1509,0
1510,0
1511,1
1512,0
1513,0
1514,1
1515,0
1516,0
1517,0
1518,1
1519,1
1520,1
1521,0
1522,0
1523,1
1524,1
1525,1
1526,0
1527,1
1528,0
1529,0
1530,1
1531,0
1532,1
1533,0
1534,0
1535,0
1536,0
1537,0
1538,1
1539,0
1540,1
1541,1
1542,1
1543,0
1544,0
1545,1
1546,0
1547,1
1548,0
1549,1
1550,1
1551,0
1552,1
1553,1
1554,0
1555,0
1556,0
1557,1
1558,0
1559,0
1560,1
1561,0
1562,1
1563,1
1564,0
1565,1
1566,1
1567,1
1568,1
1569,1
1570,0
1571,0
1572,1
1573,1
1574,0
1575,0
1576,1
1577,0
1578,0
1579,0
1580,0
1581,0
1582,0
1583,0
1584,1
1585,0
1586,0
1587,1
1588,0
1589,0
1590,0
1591,0
1592,1
1593,1
1594,1
1595,0
1596,1
1597,0
1598,0
1599,0
1600,0
1601,1
1602,0
1603,0
1604,1
1605,1
1606,1
1607,0
1608,1
1609,0
1610,1
1611,1
1612,1
1613,1
1614,0
1615,1
1616,0
1617,0
1618,1
1619,0
1620,0
1621,0
1622,0
1623,1
1624,0
1625,1
1626,0
1627,0
1628,0
1629,0
1630,0
1631,0
1632,0
1633,0
1634,0
1635,0
1636,0
1637,0
1638,0
1639,0
1640,0
1641,1
1642,1
1643,0
1644,0
1645,0
1646,1
1647,1
1648,0
1649,1
1650,0
1651,0
1652,0
1653,1
1654,0
1655,0
1656,1
1657,0
1658,1
1659,0
1660,1
1661,0
1662,0
1663,1
1664,0
1665,0
1666,0
1667,0
1668,1
1669,0
1670,0
1671,0
1672,1
1673,0
1674,0
1675,0
1676,0
1677,0
1678,1
1679,0
1680,1
1681,1
1682,0
1683,1
1684,0
1685,1
1686,0
1687,0
1688,0
1689,0
1690,1
1691,0
1692,1
1693,1
1694,1
1695,1
1696,1
1697,0
1698,0
1699,0
1700,1
1701,0
1702,1
1703,0
1704,1
1705,1
1706,1
1707,1
1708,0
1709,1
1710,0
1711,1
1712,1
1713,1
1714,0
1715,0
1716,0
1717,0
1718,0
1719,0
1720,0
1721,0
1722,1
1723,0
1724,1
1725,0
1726,0
1727,1
1728,0
1729,0
1730,0
1731,0
1732,0
1733,1
1734,1
1735,1
1736,1
1737,0
1738,1
1739,0
1740,0
1741,1
1742,0
1743,1
1744,0
1745,0
1746,1
1747,0
1748,0
1749,0
1750,0
1751,0
1752,1
1753,0
1754,0
1755,1
1756,1
1757,0
1758,0
1759,1
1760,0
1761,0
1762,0
1763,0
1764,0
1765,0
1766,1
1767,0
1768,0
1769,1
1770,0
1771,0
1772,0
1773,1
1774,1
1775,1
1776,1
1777,0
1778,0
1779,0
1780,1
1781,1
1782,1
1783,0
1784,0
1785,0
1786,1
1787,0
1788,0
1789,1
1790,1
1791,0
1792,1
1793,0
1794,0
1795,0
1796,1
1797,0
1798,1
1799,0
1800,0
1801,1
1802,0
1803,1
1804,0
1805,0
1806,0
1807,0
1808,0
1809,1
1810,1
1811,0
1812,1
1813,0
1814,0
1815,0
1816,0
1817,1
1818,1
1819,1
1820,0
1821,0
1822,0
1823,0
1824,1
1825,1
1826,0
1827,0
1828,1
1829,0
1830,1
1831,0
1832,0
1833,0
1834,0
1835,1
1836,0
1837,1
1838,0
1839,0
1840,0
1841,0
1842,0
1843,0
1844,0
1845,0
1846,0
1847,1
1848,0
1849,0
1850,0
1851,1
1852,0
1853,1
1854,0
1855,0
1856,0
1857,1
1858,0
1859,1
1860,1
1861,1
1862,0
1863,0
1864,0
1865,0
1866,0
1867,0
1868,1
1869,0
1870,0
1871,0
1872,0
1873,0
1874,1
1875,1
1876,0
1877,0
1878,0
1879,1
1880,0
1881,0
1882,1
1883,0
1884,0
1885,1
1886,0
1887,0
1888,0
1889,0
1890,0
1891,0
1892,0
1893,1
1894,0
1895,0
1896,1
1897,0
1898,1
1899,1
1900,0
1901,0
1902,1
1903,0
1904,0
1905,1
1906,1
1907,1
1908,1
1909,0
1910,1
1911,1
1912,0
1913,0
1914,0
1915,0
1916,1
1917,0
1918,1
1919,0
1920,0
1921,1
1922,0
1923,0
1924,0
1925,0
1926,1
1927,0
1928,1
1929,0
1930,0
1931,1
1932,0
1933,0
1934,0
1935,0
1936,1
1937,0
1938,0
1939,1
1940,0
1941,0
1942,0
1943,1
1944,0
1945,0
1946,0
1947,0
1948,0
1949,0
1950,0
1951,0
1952,0
1953,0
1954,0
1955,0
1956,0
1957,0
1958,1
1959,0
1960,1
1961,0
1962,0
1963,0
1964,0
1965,1
1966,0
1967,1
1968,0
1969,1
1970,0
1971,1
1972,0
1973,1
1974,0
1975,0
1976,0
1977,1
1978,0
1979,0
1980,1
1981,1
1982,1
1983,0
1984,0
1985,1
1986,0
1987,1
1988,0
1989,0
1990,1
1991,0
1992,0
1993,0
1994,0
1995,1
1996,1
1997,1
1998,1
1999,1
2000,0
2001,0
2002,0
2003,0
2004,0
2005,1
2006,1
2007,1
2008,1
2009,1
2010,1
2011,0
2012,0
2013,0
2014,0
2015,0
2016,1
2017,1
2018,0
2019,0
2020,0
2021,0
2022,0
2023,0
2024,0
2025,0
2026,0
2027,0
2028,0
2029,1
2030,0
2031,0
2032,1
2033,0
2034,0
2035,0
2036,0
2037,1
2038,1
2039,0
2040,0
2041,1
2042,0
2043,1
2044,1
2045,1
2046,0
2047,0
2048,1
2049,0
2050,0
2051,1
2052,1
2053,1
2054,0
2055,1
2056,1
2057,1
2058,0
2059,0
2060,0
2061,0
2062,0
2063,1
2064,0
2065,0
2066,1
2067,0
2068,0
2069,0
2070,0
2071,1
2072,0
2073,0
2074,1
2075,0
2076,1
2077,1
2078,0
2079,1
2080,0
2081,1
2082,1
2083,0
2084,0
2085,1
2086,1
2087,0
2088,1
2089,0
2090,0
2091,1
2092,0
2093,0
2094,0
2095,1
2096,0
2097,0
2098,1
2099,0
2100,0
2101,1
2102,1
2103,1
2104,0
2105,1
2106,0
2107,1
2108,1
2109,1
2110,1
2111,0
2112,1
2113,0
2114,0
2115,1
2116,1
2117,1
2118,0
2119,0
2120,0
2121,1
2122,1
2123,0
2124,0
2125,0
2126,0
2127,0
2128,0
2129,1
2130,0
2131,1
2132,1
2133,0
2134,0
2135,0
2136,0
2137,0
2138,1
2139,0
2140,0
2141,1
2142,1
2143,1
2144,0
2145,0
2146,1
2147,1
2148,0
2149,0
2150,1
2151,0
2152,0
2153,1
2154,0
2155,0
2156,1
2157,0
2158,1
2159,0
2160,1
2161,1
2162,0
2163,0
2164,0
2165,0
2166,1
2167,1
2168,0
2169,0
2170,1
2171,0
2172,0
2173,0
2174,0
2175,0
2176,0
2177,1
2178,1
2179,0
2180,0
2181,1
2182,0
2183,1
2184,0
2185,0
2186,1
2187,0
2188,1
2189,0
2190,0
2191,0
2192,0
2193,0
2194,0
2195,1
2196,0
2197,0
2198,1
2199,1
2200,0
2201,1
2202,0
2203,1
2204,1
2205,0
2206,0
2207,1
2208,1
2209,0
2210,0
2211,1
2212,0
2213,1
2214,0
2215,0
2216,1
2217,0
2218,0
2219,0
2220,0
2221,0
2222,0
2223,0
2224,0
2225,0
2226,0
2227,0
2228,0
2229,0
2230,1
2231,1
2232,0
2233,1
2234,0
2235,1
2236,0
2237,0
2238,1
2239,1
2240,0
2241,0
2242,0
2243,0
2244,1
2245,0
2246,0
2247,1
2248,0
2249,0
2250,1
2251,0
2252,0
2253,0
2254,0
2255,0
2256,0
2257,1
2258,0
2259,1
2260,0
2261,0
2262,1
2263,1
2264,0
2265,1
2266,0
2267,1
2268,0
2269,0
2270,0
2271,0
2272,0
2273,0
2274,0
2275,1
2276,0
2277,0
2278,0
2279,0
2280,0
2281,0
2282,0
2283,0
2284,0
2285,0
2286,1
2287,1
2288,0
2289,0
2290,0
2291,1
2292,1
2293,0
2294,1
2295,0
2296,1
2297,0
2298,0
2299,0
2300,0
2301,0
2302,0
2303,0
2304,0
2305,0
2306,0
2307,1
2308,1
2309,0
2310,0
2311,1
2312,0
2313,1
2314,0
2315,0
2316,0
2317,0
2318,0
2319,1
2320,0
2321,1
2322,1
2323,0
2324,1
2325,1
2326,0
2327,1
2328,1
2329,1
2330,0
2331,1
2332,1
2333,1
2334,0
2335,0
2336,0
2337,0
2338,0
2339,0
2340,1
2341,0
2342,1
2343,0
2344,1
2345,0
2346,1
2347,0
2348,1
2349,1
2350,0
2351,0
2352,0
2353,1
2354,0
2355,1
2356,0
2357,0
2358,1
2359,0
2360,1
2361,0
2362,1
2363,0
2364,0
2365,1
2366,1
2367,1
2368,1
2369,0
2370,0
2371,1
2372,1
2373,1
2374,0
2375,1
2376,0
2377,1
2378,1
2379,0
2380,0
2381,0
2382,0
2383,0
2384,0
2385,1
2386,1
2387,0
2388,1
2389,1
2390,1
2391,1
2392,1
2393,0
2394,1
2395,0
2396,0
2397,1
2398,1
2399,0
2400,0
2401,0
2402,0
2403,1
2404,0
2405,0
2406,1
2407,1
2408,0
2409,0
2410,0
2411,1
2412,0
2413,0
2414,0
2415,1
2416,0
2417,1
2418,0
2419,1
2420,0
2421,0
2422,0
2423,1
2424,1
2425,1
2426,0
2427,1
2428,1
2429,1
2430,1
2431,0
2432,1
2433,0
2434,1
2435,0
2436,0
2437,1
2438,0
2439,0
2440,0
2441,1
2442,1
2443,0
2444,0
2445,0
2446,0
2447,1
2448,0
2449,0
2450,0
2451,0
2452,1
2453,1
2454,0
2455,1
2456,0
2457,0
2458,0
2459,0
2460,1
2461,0
2462,0
2463,1
2464,0
2465,1
2466,1
2467,0
2468,1
2469,1
2470,1
2471,0
2472,0
2473,0
2474,0
2475,0
2476,0
2477,1
2478,1
2479,1
2480,0
2481,1
2482,1
2483,1
2484,0
2485,1
2486,0
2487,1
2488,0
2489,1
2490,0
2491,1
2492,0
2493,0
2494,1
2495,0
2496,1
2497,1
2498,1
2499,0
2500,0
2501,0
2502,0
2503,1
2504,1
2505,0
2506,0
2507,0
2508,1
2509,1
2510,0
2511,0
2512,1
2513,0
2514,0
2515,0
2516,0
2517,0
2518,1
2519,0
2520,1
2521,1
2522,1
2523,0
2524,0
2525,0
2526,0
2527,0
2528,1
2529,1
2530,0
2531,0
2532,1
2533,0
2534,0
2535,0
2536,1
2537,1
2538,1
2539,0
2540,1
2541,0
2542,1
2543,0
2544,0
2545,0
2546,1
2547,0
2548,0
2549,0
2550,1
2551,0
2552,1
2553,1
2554,0
2555,0
2556,0
2557,1
2558,1
2559,0
2560,1
2561,0
2562,0
2563,1
2564,1
2565,0
2566,1
2567,0
2568,1
2569,0
2570,0
2571,1
2572,1
2573,1
2574,0
2575,0
2576,1
2577,0
2578,0
2579,1
2580,1
2581,1
2582,0
2583,1
2584,0
2585,0
2586,0
2587,1
2588,0
2589,1
2590,0
2591,1
2592,0
2593,0
2594,1
2595,0
2596,1
2597,1
2598,0
2599,0
2600,1
2601,0
2602,1
2603,0
2604,0
2605,0
2606,1
2607,1
2608,1
2609,0
2610,1
2611,0
2612,0
2613,0
2614,1
2615,0
2616,0
2617,1
2618,1
2619,1
2620,1
2621,0
2622,0
2623,0
2624,0
2625,1
2626,0
2627,1
2628,0
2629,1
2630,0
2631,0
2632,0
2633,1
2634,1
2635,1
2636,1
2637,1
2638,0
2639,1
2640,0
2641,0
2642,0
2643,0
2644,0
2645,1
2646,1
2647,0
2648,0
2649,0
2650,0
2651,0
2652,0
2653,1
2654,0
2655,1
2656,0
2657,1
2658,1
2659,0
2660,0
2661,0
2662,0
2663,1
2664,1
2665,0
2666,1
2667,1
2668,1
2669,0
2670,0
2671,1
2672,0
2673,1
2674,1
2675,0
2676,1
2677,0
2678,1
2679,0
2680,0
2681,0
2682,0
2683,1
2684,0
2685,0
2686,1
2687,1
2688,1
2689,1
2690,0
2691,1
2692,1
2693,0
2694,0
2695,1
2696,0
2697,0
2698,1
2699,0
2700,1
2701,1
2702,0
2703,0
2704,0
2705,0
2706,0
2707,0
2708,0
2709,0
2710,0
2711,0
2712,0
2713,0
2714,0
2715,0
2716,1
2717,0
2718,1
2719,1
2720,0
2721,1
2722,1
2723,0
2724,0
2725,0
2726,0
2727,0
2728,0
2729,0
2730,1
2731,1
2732,1
2733,0
2734,1
2735,1
2736,1
2737,1
2738,0
2739,0
2740,0
2741,0
2742,0
2743,0
2744,1
2745,1
2746,0
2747,0
2748,1
2749,0
2750,0
2751,1
2752,1
2753,0
2754,0
2755,0
2756,1
2757,1
2758,1
2759,0
2760,1
2761,0
2762,1
2763,1
2764,0
2765,1
2766,1
2767,1
2768,1
2769,1
2770,0
2771,0
2772,1
2773,1
2774,0
2775,0
2776,1
2777,0
2778,1
2779,0
2780,0
2781,1
2782,1
2783,0
2784,0
2785,1
2786,0
2787,1
2788,1
2789,0
2790,0
2791,0
2792,1
2793,1
2794,0
2795,0
2796,0
2797,1
2798,0
2799,1
2800,0
2801,0
2802,1
2803,0
2804,0
2805,0
2806,0
2807,1
2808,1
2809,1
2810,1
2811,0
2812,1
2813,1
2814,1
2815,0
2816,1
2817,0
2818,1
2819,1
2820,1
2821,1
2822,0
2823,1
2824,1
2825,1
2826,0
2827,0
2828,0
2829,0
2830,0
2831,1
2832,0
2833,1
2834,1
2835,0
2836,1
2837,0
2838,0
2839,0
2840,0
2841,0
2842,1
2843,0
2844,0
2845,0
2846,0
2847,1
2848,0
2849,0
2850,0
2851,1
2852,1
2853,0
2854,0
2855,1
2856,0
2857,1
2858,0
2859,1
2860,0
2861,1
2862,1
2863,1
2864,1
2865,0
2866,0
2867,0
2868,1
2869,1
2870,0
2871,1
2872,1
2873,0
2874,1
2875,1
2876,0
2877,1
2878,0
2879,0
2880,0
2881,0
2882,1
2883,1
2884,0
2885,1
2886,0
2887,0
2888,1
2889,1
2890,0
2891,1
2892,1
2893,0
2894,1
2895,0
2896,1
2897,1
2898,0
2899,0
2900,0
2901,1
2902,0
2903,0
2904,0
2905,0
2906,0
2907,1
2908,0
2909,0
2910,0
2911,1
2912,0
2913,1
2914,1
2915,0
2916,0
2917,0
2918,1
2919,0
2920,0
2921,1
2922,0
2923,1
2924,1
2925,0
2926,0
2927,1
2928,0
2929,1
2930,1
2931,0
2932,0
2933,1
2934,1
2935,1
2936,0
2937,1
2938,1
2939,0
2940,1
2941,0
2942,1
2943,0
2944,0
2945,0
2946,1
2947,1
2948,0
2949,0
2950,0
2951,0
2952,0
2953,0
2954,1
2955,1
2956,0
2957,0
2958,0
2959,0
2960,0
2961,0
2962,1
2963,0
2964,1
2965,0
2966,0
2967,0
2968,1
2969,1
2970,0
2971,0
2972,0
2973,0
2974,0
2975,0
2976,0
2977,1
2978,1
2979,1
2980,1
2981,0
2982,0
2983,1
2984,1
2985,0
2986,1
2987,0
2988,0
2989,0
2990,0
2991,0
2992,0
2993,0
2994,1
2995,0
2996,1
2997,0
2998,0
2999,0
3000,0
3001,1
3002,0
3003,0
3004,1
3005,1
3006,1
3007,0
3008,1
3009,0
3010,1
3011,1
3012,0
3013,1
3014,1
3015,0
3016,1
3017,1
3018,1
3019,1
3020,0
3021,0
3022,1
3023,0
3024,1
3025,1
3026,1
3027,0
3028,0
3029,1
3030,0
3031,1
3032,0
3033,0
3034,1
3035,1
3036,1
3037,0
3038,1
3039,0
3040,1
3041,1
3042,0
3043,0
3044,0
3045,0
3046,1
3047,1
3048,0
3049,1
3050,0
3051,1
3052,1
3053,0
3054,1
3055,0
3056,1
3057,1
3058,0
3059,1
3060,0
3061,1
3062,0
3063,0
3064,0
3065,1
3066,0
3067,1
3068,0
3069,0
3070,0
3071,1
3072,0
3073,0
3074,0
3075,1
3076,1
3077,0
3078,0
3079,0
3080,0
3081,0
3082,0
3083,1
3084,0
3085,1
3086,0
3087,0
3088,0
3089,0
3090,0
3091,1
3092,0
3093,0
3094,0
3095,1
3096,0
3097,0
3098,1
3099,0
3100,0
3101,1
3102,1
3103,1
3104,1
3105,0
3106,0
3107,1
3108,0
3109,1
3110,0
3111,1
3112,1
3113,0
3114,0
3115,1
3116,1
3117,0
3118,1
3119,0
3120,0
3121,1
3122,0
3123,1
3124,0
3125,1
3126,0
3127,0
3128,0
3129,1
3130,0
3131,0
3132,0
3133,0
3134,0
3135,0
3136,0
3137,0
3138,0
3139,0
3140,1
3141,0
3142,0
3143,1
3144,0
3145,0
3146,1
3147,1
3148,0
3149,0
3150,0
3151,0
3152,1
3153,1
3154,1
3155,1
3156,1
3157,0
3158,1
3159,1
3160,1
3161,1
3162,0
3163,0
3164,1
3165,0
3166,0
3167,1
3168,0
3169,0
3170,1
3171,1
3172,1
3173,1
3174,0
3175,1
3176,1
3177,1
3178,1
3179,0
3180,1
3181,0
3182,0
3183,1
3184,0
3185,0
3186,0
3187,0
3188,0
3189,1
3190,0
3191,0
3192,1
3193,0
3194,1
3195,1
3196,1
3197,0
3198,0
3199,0
3200,0
3201,0
3202,0
3203,1
3204,0
3205,1
3206,1
3207,1
3208,0
3209,0
3210,1
3211,0
3212,1
3213,1
3214,1
3215,0
3216,1
3217,0
3218,0
3219,0
3220,1
3221,0
3222,0
3223,0
3224,0
3225,0
3226,0
3227,0
3228,0
3229,0
3230,0
3231,0
3232,1
3233,0
3234,0
3235,0
3236,1
3237,1
3238,1
3239,0
3240,0
3241,0
3242,0
3243,1
3244,0
3245,1
3246,0
3247,0
3248,0
3249,1
3250,0
3251,1
3252,1
3253,1
3254,0
3255,1
3256,1
3257,1
3258,0
3259,1
3260,1
3261,0
3262,0
3263,0
3264,1
3265,1
3266,0
3267,1
3268,0
3269,0
3270,0
3271,0
3272,1
3273,0
3274,0
3275,0
3276,1
3277,0
3278,1
3279,0
3280,0
3281,0
3282,0
3283,1
3284,0
3285,1
3286,1
3287,0
3288,0
3289,1
3290,0
3291,0
3292,0
3293,1
3294,1
3295,1
3296,1
3297,1
3298,0
3299,0
3300,0
3301,0
3302,0
3303,0
3304,0
3305,1
3306,1
3307,1
3308,1
3309,1
3310,1
3311,0
3312,0
3313,1
3314,0
3315,0
3316,1
3317,1
3318,0
3319,0
3320,0
3321,0
3322,0
3323,0
3324,1
3325,0
3326,0
3327,0
3328,1
3329,1
3330,1
3331,0
3332,1
3333,1
3334,1
3335,0
3336,1
3337,1
3338,1
3339,0
3340,1
3341,0
3342,0
3343,0
3344,0
3345,1
3346,0
3347,0
3348,0
3349,0
3350,0
3351,1
3352,1
3353,0
3354,0
3355,0
3356,1
3357,0
3358,0
3359,0
3360,0
3361,0
3362,1
3363,1
3364,0
3365,1
3366,0
3367,0
3368,1
3369,1
3370,1
3371,1
3372,1
3373,1
3374,1
3375,1
3376,0
3377,1
3378,0
3379,0
3380,0
3381,0
3382,0
3383,0
3384,0
3385,1
3386,0
3387,0
3388,1
3389,0
3390,0
3391,1
3392,0
3393,1
3394,1
3395,1
3396,1
3397,1
3398,1
3399,0
3400,0
3401,1
3402,0
3403,0
3404,1
3405,0
3406,0
3407,0
3408,1
3409,1
3410,0
3411,0
3412,0
3413,1
3414,0
3415,0
3416,0
3417,0
3418,0
3419,0
3420,1
3421,1
3422,1
3423,1
3424,0
3425,0
3426,1
3427,1
3428,1
3429,0
3430,0
3431,1
3432,0
3433,0
3434,1
3435,0
3436,1
3437,0
3438,0
3439,0
3440,0
3441,0
3442,0
3443,0
3444,0
3445,0
3446,0
3447,1
3448,0
3449,1
3450,0
3451,1
3452,0
3453,0
3454,1
3455,0
3456,0
3457,0
3458,0
3459,0
3460,0
3461,1
3462,1
3463,0
3464,0
3465,0
3466,1
3467,1
3468,0
3469,0
3470,1
3471,1
3472,0
3473,0
3474,1
3475,0
3476,1
3477,0
3478,1
3479,0
3480,0
3481,1
3482,1
3483,0
3484,0
3485,1
3486,0
3487,0
3488,0
3489,0
3490,0
3491,0
3492,0
3493,0
3494,1
3495,1
3496,0
3497,0
3498,0
3499,0
3500,0
3501,1
3502,0
3503,0
3504,1
3505,0
3506,0
3507,1
3508,0
3509,1
3510,0
3511,0
3512,0
3513,0
3514,0
3515,0
3516,1
3517,1
3518,0
3519,0
3520,1
3521,1
3522,1
3523,1
3524,1
3525,0
3526,0
3527,1
3528,0
3529,1
3530,0
3531,1
3532,0
3533,0
3534,0
3535,1
3536,1
3537,0
3538,0
3539,0
3540,0
3541,1
3542,0
3543,1
3544,1
3545,0
3546,1
3547,1
3548,1
3549,1
3550,0
3551,1
3552,1
3553,1
3554,1
3555,0
3556,1
3557,0
3558,0
3559,1
3560,0
3561,1
3562,0
3563,1
3564,1
3565,1
3566,1
3567,0
3568,0
3569,0
3570,0
3571,1
3572,1
3573,1
3574,0
3575,0
3576,1
3577,1
3578,0
3579,1
3580,1
3581,0
3582,0
3583,1
3584,1
3585,0
3586,0
3587,0
3588,1
3589,1
3590,1
3591,1
3592,0
3593,1
3594,1
3595,1
3596,0
3597,0
3598,0
3599,1
3600,0
3601,0
3602,1
3603,0
3604,1
3605,0
3606,0
3607,1
3608,0
3609,0
3610,1
3611,0
3612,1
3613,0
3614,1
3615,0
3616,0
3617,1
3618,1
3619,0
3620,1
3621,1
3622,1
3623,1
3624,1
3625,1
3626,0
3627,1
3628,0
3629,0
3630,0
3631,1
3632,0
3633,0
3634,0
3635,0
3636,0
3637,0
3638,0
3639,0
3640,1
3641,0
3642,1
3643,0
3644,0
3645,0
3646,0
3647,1
3648,1
3649,1
3650,0
3651,0
3652,1
3653,0
3654,1
3655,0
3656,0
3657,0
3658,0
3659,0
3660,1
3661,0
3662,0
3663,0
3664,0
3665,0
3666,0
3667,0
3668,0
3669,0
3670,1
3671,0
3672,0
3673,0
3674,0
3675,0
3676,0
3677,0
3678,1
3679,0
3680,0
3681,0
3682,0
3683,1
3684,1
3685,1
3686,1
3687,0
3688,0
3689,0
3690,0
3691,0
3692,1
3693,0
3694,0
3695,1
3696,0
3697,1
3698,0
3699,0
3700,0
3701,0
3702,1
3703,0
3704,0
3705,0
3706,1
3707,0
3708,0
3709,1
3710,0
3711,0
3712,1
3713,1
3714,1
3715,0
3716,0
3717,0
3718,1
3719,0
3720,0
3721,1
3722,0
3723,1
3724,1
3725,0
3726,1
3727,1
3728,0
3729,1
3730,0
3731,1
3732,1
3733,1
3734,1
3735,1
3736,0
3737,0
3738,0
3739,0
3740,1
3741,0
3742,0
3743,0
3744,0
3745,1
3746,0
3747,1
3748,0
3749,0
3750,0
3751,1
3752,0
3753,1
3754,0
3755,0
3756,0
3757,0
3758,1
3759,0
3760,0
3761,0
3762,0
3763,0
3764,1
3765,0
3766,0
3767,0
3768,0
3769,1
3770,1
3771,0
3772,0
3773,0
3774,0
3775,0
3776,0
3777,1
3778,1
3779,1
3780,1
3781,0
3782,0
3783,0
3784,0
3785,1
3786,1
3787,0
3788,0
3789,0
3790,1
3791,1
3792,0
3793,0
3794,0
3795,0
3796,1
3797,0
3798,1
3799,0
3800,0
3801,1
3802,1
3803,0
3804,0
3805,0
3806,1
3807,1
3808,1
3809,1
3810,1
3811,0
3812,0
3813,0
3814,1
3815,0
3816,0
3817,0
3818,0
3819,0
3820,0
3821,0
3822,1
3823,0
3824,0
3825,0
3826,1
3827,1
3828,1
3829,0
3830,1
3831,1
3832,0
3833,0
3834,1
3835,1
3836,0
3837,0
3838,0
3839,1
3840,0
3841,1
3842,1
3843,1
3844,1
3845,1
3846,1
3847,0
3848,0
3849,0
3850,0
3851,1
3852,0
3853,1
3854,1
3855,0
3856,0
3857,0
3858,1
3859,0
3860,0
3861,0
3862,0
3863,0
3864,0
3865,0
3866,1
3867,0
3868,0
3869,1
3870,0
3871,1
3872,0
3873,0
3874,1
3875,0
3876,1
3877,1
3878,0
3879,0
3880,0
3881,0
3882,0
3883,0
3884,1
3885,0
3886,1
3887,1
3888,0
3889,1
3890,0
3891,1
3892,0
3893,1
3894,0
3895,1
3896,0
3897,1
3898,1
3899,0
3900,0
3901,0
3902,0
3903,1
3904,1
3905,0
3906,0
3907,1
3908,1
3909,1
3910,1
3911,1
3912,0
3913,0
3914,0
3915,1
3916,1
3917,0
3918,0
3919,0
3920,0
3921,0
3922,1
3923,0
3924,1
3925,0
3926,1
3927,0
3928,0
3929,1
3930,1
3931,1
3932,1
3933,0
3934,0
3935,0
3936,0
3937,0
3938,1
3939,0
3940,0
3941,1
3942,0
3943,0
3944,1
3945,1
3946,0
3947,0
3948,1
3949,0
3950,0
3951,0
3952,1
3953,0
3954,1
3955,0
3956,1
3957,0
3958,0
3959,0
3960,1
3961,1
3962,0
3963,1
3964,0
3965,1
3966,1
3967,0
3968,1
3969,0
3970,0
3971,1
3972,0
3973,0
3974,0
3975,0
3976,0
3977,0
3978,0
3979,1
3980,0
3981,1
3982,0
3983,0
3984,0
3985,1
3986,0
3987,1
3988,1
3989,0
3990,1
3991,1
3992,0
3993,1
3994,0
3995,1
3996,1
3997,0
3998,0
3999,0
4000,1
4001,0
4002,0
4003,0
4004,0
4005,0
4006,1
4007,0
4008,0
4009,0
4010,1
4011,1
4012,0
4013,0
4014,1
4015,1
4016,0
4017,0
4018,0
4019,1
4020,1
4021,0
4022,0
4023,0
4024,0
4025,0
4026,0
4027,0
4028,1
4029,0
4030,1
4031,1
4032,1
4033,0
4034,0
4035,1
4036,1
4037,1
4038,0
4039,0
4040,1
4041,0
4042,0
4043,0
4044,1
4045,1
4046,1
4047,1
4048,0
4049,0
4050,1
4051,0
4052,0
4053,0
4054,0
4055,0
4056,0
4057,1
4058,1
4059,0
4060,0
4061,1
4062,0
4063,1
4064,0
4065,0
4066,0
4067,1
4068,1
4069,0
4070,0
4071,0
4072,1
4073,0
4074,0
4075,0
4076,0
4077,0
4078,0
4079,1
4080,0
4081,1
4082,0
4083,0
4084,0
4085,0
4086,1
4087,0
4088,0
4089,0
4090,1
4091,0
4092,0
4093,1
4094,0
4095,1
4096,1
4097,0
4098,1
4099,1
4100,1
4101,0
4102,0
4103,0
4104,1
4105,1
4106,0
4107,1
4108,0
4109,0
4110,1
4111,0
4112,1
4113,1
4114,0
4115,0
4116,0
4117,0
4118,1
4119,1
4120,0
4121,1
4122,0
4123,1
4124,0
4125,0
4126,1
4127,0
4128,1
4129,0
4130,0
4131,0
4132,1
4133,0
4134,1
4135,0
4136,0
4137,0
4138,1
4139,1
4140,0
4141,1
4142,0
4143,1
4144,0
4145,1
4146,1
4147,1
4148,1
4149,1
4150,1
4151,0
4152,0
4153,0
4154,1
4155,0
4156,0
4157,0
4158,1
4159,1
4160,0
4161,0
4162,0
4163,1
4164,0
4165,0
4166,0
4167,1
4168,0
4169,0
4170,1
4171,1
4172,0
4173,1
4174,0
4175,0
4176,0
4177,0
4178,0
4179,1
4180,1
4181,0
4182,0
4183,0
4184,1
4185,0
4186,1
4187,0
4188,0
4189,1
4190,1
4191,0
4192,0
4193,1
4194,1
4195,1
4196,1
4197,0
4198,1
4199,0
4200,1
4201,1
4202,1
4203,0
4204,1
4205,0
4206,0
4207,0
4208,1
4209,1
4210,1
4211,1
4212,1
4213,0
4214,1
4215,0
4216,0
4217,0
4218,1
4219,0
4220,1
4221,0
4222,0
4223,1
4224,0
4225,1
4226,0
4227,0
4228,1
4229,0
4230,1
4231,0
4232,1
4233,0
4234,0
4235,0
4236,0
4237,1
4238,1
4239,1
4240,0
4241,0
4242,1
4243,0
4244,0
4245,0
4246,1
4247,0
4248,0
4249,0
4250,0
4251,0
4252,1
4253,0
4254,0
4255,0
4256,0
4257,0
4258,0
4259,0
4260,0
4261,1
4262,0
4263,1
4264,1
4265,0
4266,0
4267,1
4268,0
4269,0
4270,0
4271,0
4272,0
4273,0
4274,0
4275,0
4276,1
4277,1
4278,0
4279,1
4280,1
4281,0
4282,0
4283,0
4284,1
4285,1
4286,0
4287,1
4288,0
4289,0
4290,0
4291,0
4292,1
4293,1
4294,1
4295,0
4296,0
4297,0
4298,0
4299,0
4300,1
4301,1
4302,0
4303,0
4304,1
4305,0
4306,0
4307,0
4308,0
4309,1
4310,1
4311,0
4312,0
4313,0
4314,0
4315,0
4316,0
4317,1
4318,0
4319,1
4320,0
4321,1
4322,0
4323,0
4324,1
4325,1
4326,0
4327,1
4328,0
4329,0
4330,0
4331,1
4332,1
4333,1
4334,0
4335,0
4336,0
4337,1
4338,0
4339,1
4340,0
4341,1
4342,1
4343,0
4344,1
4345,0
4346,1
4347,1
4348,0
4349,0
4350,1
4351,0
4352,1
4353,1
4354,0
4355,0
4356,0
4357,1
4358,0
4359,1
4360,0
4361,1
4362,0
4363,1
4364,0
4365,1
4366,0
4367,0
4368,1
4369,1
4370,0
4371,0
4372,0
4373,1
4374,0
4375,1
4376,1
4377,0
4378,0
4379,0
4380,1
4381,0
4382,1
4383,1
4384,0
4385,0
4386,0
4387,0
4388,0
4389,0
4390,1
4391,1
4392,1
4393,1
4394,0
4395,1
4396,1
4397,1
4398,0
4399,0
4400,1
4401,0
4402,0
4403,0
4404,1
4405,1
4406,0
4407,0
4408,1
4409,0
4410,0
4411,1
4412,1
4413,0
4414,1
4415,1
4416,0
4417,1
4418,1
4419,1
4420,0
4421,1
4422,1
4423,1
4424,0
4425,0
4426,0
4427,1
4428,1
4429,1
4430,1
4431,0
4432,1
4433,1
4434,1
4435,1
4436,0
4437,0
4438,0
4439,1
4440,0
4441,0
4442,1
4443,0
4444,1
4445,1
4446,0
4447,0
4448,0
4449,0
4450,0
4451,0
4452,0
4453,0
4454,1
4455,0
4456,1
4457,0
4458,0
4459,1
4460,1
4461,0
4462,0
4463,0
4464,1
4465,1
4466,1
4467,1
4468,1
4469,0
4470,0
4471,0
4472,0
4473,0
4474,1
4475,0
4476,1
4477,0
4478,1
4479,0
4480,0
4481,0
4482,0
4483,0
4484,0
4485,0
4486,0
4487,1
4488,0
4489,0
4490,1
4491,0
4492,0
4493,1
4494,1
4495,1
4496,0
4497,0
4498,1
4499,0
4500,0
4501,0
4502,0
4503,1
4504,1
4505,1
4506,1
4507,1
4508,0
4509,1
4510,0
4511,0
4512,0
4513,0
4514,1
4515,1
4516,0
4517,0
4518,0
4519,0
4520,0
4521,0
4522,1
4523,0
4524,1
4525,0
4526,0
4527,0
4528,1
4529,1
4530,0
4531,0
4532,0
4533,0
4534,1
4535,1
4536,1
4537,1
4538,1
4539,0
4540,0
4541,1
4542,0
4543,1
4544,0
4545,1
4546,0
4547,0
4548,0
4549,1
4550,1
4551,0
4552,0
4553,0
4554,1
4555,0
4556,0
4557,0
4558,1
4559,0
4560,0
4561,0
4562,0
4563,0
4564,0
4565,0
4566,1
4567,0
4568,0
4569,0
4570,0
4571,0
4572,0
4573,0
4574,1
4575,0
4576,0
4577,1
4578,0
4579,0
4580,1
4581,1
4582,0
4583,0
4584,0
4585,0
4586,0
4587,0
4588,0
4589,0
4590,0
4591,1
4592,0
4593,0
4594,0
4595,1
4596,0
4597,0
4598,0
4599,0
4600,0
4601,0
4602,0
4603,0
4604,0
4605,0
4606,1
4607,0
4608,1
4609,0
4610,1
4611,1
4612,1
4613,1
4614,0
4615,1
4616,1
4617,1
4618,1
4619,1
4620,0
4621,0
4622,0
4623,0
4624,1
4625,0
4626,0
4627,0
4628,0
4629,0
4630,0
4631,1
4632,0
4633,0
4634,1
4635,1
4636,1
4637,0
4638,0
4639,1
4640,0
4641,1
4642,0
4643,0
4644,0
4645,0
4646,0
4647,0
4648,1
4649,0
4650,0
4651,1
4652,1
4653,0
4654,0
4655,0
4656,1
4657,0
4658,1
4659,1
4660,1
4661,0
4662,0
4663,1
4664,0
4665,1
4666,1
4667,0
4668,1
4669,1
4670,0
4671,0
4672,0
4673,1
4674,1
4675,0
4676,1
4677,0
4678,1
4679,0
4680,0
4681,0
4682,1
4683,0
4684,0
4685,0
4686,0
4687,1
4688,0
4689,1
4690,0
4691,1
4692,0
4693,0
4694,0
4695,1
4696,1
4697,0
4698,1
4699,0
4700,1
4701,0
4702,0
4703,0
4704,0
4705,1
4706,0
4707,0
4708,1
4709,0
4710,0
4711,0
4712,1
4713,0
4714,1
4715,1
4716,1
4717,1
4718,0
4719,0
4720,0
4721,1
4722,1
4723,1
4724,1
4725,1
4726,1
4727,0
4728,1
4729,0
4730,0
4731,0
4732,0
4733,0
4734,1
4735,0
4736,1
4737,1
4738,0
4739,1
4740,0
4741,0
4742,0
4743,1
4744,1
4745,0
4746,1
4747,1
4748,0
4749,0
4750,0
4751,1
4752,0
4753,1
4754,1
4755,1
4756,0
4757,0
4758,1
4759,0
4760,0
4761,0
4762,1
4763,0
4764,0
4765,1
4766,0
4767,0
4768,1
4769,0
4770,1
4771,1
4772,0
4773,0
4774,0
4775,1
4776,0
4777,1
4778,0
4779,0
4780,0
4781,0
4782,0
4783,1
4784,0
4785,1
4786,0
4787,0
4788,1
4789,0
4790,0
4791,1
4792,1
4793,0
4794,1
4795,0
4796,1
4797,0
4798,1
4799,0
4800,0
4801,0
4802,1
4803,0
4804,1
4805,0
4806,0
4807,0
4808,1
4809,1
4810,1
4811,1
4812,1
4813,0
4814,0
4815,1
4816,1
4817,0
4818,1
4819,0
4820,0
4821,0
4822,1
4823,0
4824,0
4825,1
4826,1
4827,0
4828,0
4829,1
4830,0
4831,1
4832,0
4833,1
4834,0
4835,1
4836,1
4837,0
4838,0
4839,0
4840,1
4841,1
4842,1
4843,0
4844,1
4845,0
4846,1
4847,0
4848,1
4849,0
4850,1
4851,0
4852,0
4853,0
4854,0
4855,1
4856,1
4857,0
4858,0
4859,1
4860,0
4861,0
4862,0
4863,1
4864,1
4865,0
4866,0
4867,0
4868,0
4869,1
4870,1
4871,1
4872,1
4873,0
4874,0
4875,1
4876,0
4877,0
4878,0
4879,0
4880,0
4881,0
4882,0
4883,0
4884,0
4885,0
4886,0
4887,1
4888,1
4889,0
4890,1
4891,0
4892,1
4893,0
4894,1
4895,0
4896,0
4897,0
4898,1
4899,0
4900,1
4901,0
4902,0
4903,0
4904,1
4905,0
4906,0
4907,1
4908,0
4909,1
4910,1
4911,0
4912,0
4913,1
4914,0
4915,0
4916,0
4917,1
4918,0
4919,1
4920,1
4921,1
4922,1
4923,1
4924,1
4925,0
4926,1
4927,0
4928,1
4929,1
4930,0
4931,1
4932,0
4933,0
4934,1
4935,0
4936,0
4937,0
4938,0
4939,1
4940,0
4941,0
4942,1
4943,0
4944,0
4945,1
4946,1
4947,1
4948,1
4949,0
4950,1
4951,0
4952,0
4953,0
4954,0
4955,0
4956,0
4957,0
4958,1
4959,0
4960,1
4961,1
4962,1
4963,1
4964,0
4965,0
4966,0
4967,1
4968,0
4969,1
4970,0
4971,1
4972,1
4973,1
4974,1
4975,0
4976,0
4977,0
4978,1
4979,1
4980,1
4981,1
4982,0
4983,0
4984,0
4985,1
4986,0
4987,1
4988,0
4989,0
4990,1
4991,1
4992,1
4993,0
4994,1
4995,1
4996,0
4997,1
4998,0
4999,0
5000,0
5001,1
5002,1
5003,0
5004,1
5005,0
5006,0
5007,0
5008,0
5009,0
5010,0
5011,1
5012,1
5013,0
5014,0
5015,1
5016,1
5017,0
5018,0
5019,1
5020,1
5021,0
5022,0
5023,0
5024,0
5025,1
5026,0
5027,1
5028,1
5029,1
5030,1
5031,0
5032,0
5033,0
5034,0
5035,1
5036,1
5037,1
5038,0
5039,0
5040,0
5041,0
5042,0
5043,0
5044,1
5045,0
5046,1
5047,0
5048,0
5049,1
5050,0
5051,0
5052,0
5053,0
5054,1
5055,0
5056,1
5057,0
5058,0
5059,1
5060,1
5061,1
5062,0
5063,0
5064,1
5065,0
5066,1
5067,1
5068,0
5069,1
5070,0
5071,0
5072,0
5073,0
5074,1
5075,0
5076,0
5077,1
5078,0
5079,0
5080,0
5081,0
5082,1
5083,0
5084,0
5085,1
5086,0
5087,0
5088,1
5089,0
5090,0
5091,1
5092,0
5093,0
5094,1
5095,0
5096,0
5097,1
5098,0
5099,0
5100,1
5101,1
5102,1
5103,1
5104,0
5105,0
5106,0
5107,0
5108,0
5109,1
5110,0
5111,0
5112,1
5113,1
5114,0
5115,0
5116,0
5117,0
5118,0
5119,0
5120,1
5121,1
5122,1
5123,0
5124,0
5125,0
5126,0
5127,0
5128,0
5129,0
5130,1
5131,1
5132,0
5133,1
5134,0
5135,1
5136,0
5137,0
5138,0
5139,0
5140,1
5141,0
5142,0
5143,1
5144,0
5145,0
5146,0
5147,0
5148,0
5149,0
5150,0
5151,0
5152,1
5153,0
5154,0
5155,1
5156,0
5157,1
5158,0
5159,0
5160,0
5161,1
5162,1
5163,1
5164,0
5165,0
5166,0
5167,0
5168,1
5169,0
5170,1
5171,1
5172,0
5173,1
5174,0
5175,1
5176,1
5177,0
5178,0
5179,0
5180,1
5181,1
5182,0
5183,1
5184,0
5185,1
5186,0
5187,0
5188,0
5189,1
5190,1
5191,0
5192,0
5193,0
5194,0
5195,0
5196,0
5197,0
5198,1
5199,1
5200,0
5201,0
5202,0
5203,0
5204,0
5205,0
5206,1
5207,0
5208,0
5209,0
5210,1
5211,1
5212,0
5213,0
5214,1
5215,1
5216,1
5217,0
5218,0
5219,1
5220,0
5221,0
5222,1
5223,0
5224,0
5225,1
5226,0
5227,0
5228,1
5229,0
5230,0
5231,0
5232,1
5233,1
5234,0
5235,1
5236,0
5237,1
5238,1
5239,0
5240,0
5241,0
5242,1
5243,1
5244,1
5245,0
5246,1
5247,0
5248,0
5249,0
5250,0
5251,0
5252,1
5253,0
5254,0
5255,0
5256,0
5257,1
5258,0
5259,0
5260,1
5261,0
5262,0
5263,0
5264,0
5265,1
5266,0
5267,0
5268,1
5269,0
5270,1
5271,0
5272,1
5273,0
5274,0
5275,1
5276,0
5277,1
5278,0
5279,1
5280,1
5281,0
5282,0
5283,0
5284,0
5285,0
5286,1
5287,1
5288,0
5289,0
5290,0
5291,0
5292,1
5293,0
5294,0
5295,1
5296,0
5297,1
5298,0
5299,0
5300,0
5301,0
5302,0
5303,1
5304,1
5305,0
5306,1
5307,0
5308,1
5309,0
5310,1
5311,0
5312,0
5313,0
5314,1
5315,0
5316,0
5317,1
5318,0
5319,0
5320,1
5321,1
5322,0
5323,1
5324,1
5325,1
5326,0
5327,1
5328,0
5329,0
5330,1
5331,0
5332,0
5333,0
5334,1
5335,1
5336,1
5337,0
5338,1
5339,0
5340,0
5341,0
5342,0
5343,1
5344,0
5345,0
5346,1
5347,1
5348,1
5349,0
5350,0
5351,1
5352,1
5353,1
5354,0
5355,0
5356,0
5357,0
5358,0
5359,1
5360,0
5361,0
5362,0
5363,0
5364,1
5365,0
5366,0
5367,0
5368,0
5369,0
5370,0
5371,1
5372,1
5373,0
5374,0
5375,0
5376,1
5377,1
5378,0
5379,0
5380,0
5381,0
5382,0
5383,0
5384,0
5385,0
5386,1
5387,0
5388,0
5389,0
5390,1
5391,1
5392,0
5393,1
5394,0
5395,1
5396,0
5397,0
5398,0
5399,1
5400,0
5401,0
5402,1
5403,0
5404,0
5405,0
5406,0
5407,0
5408,0
5409,1
5410,0
5411,0
5412,1
5413,1
5414,0
5415,0
5416,0
5417,0
5418,0
5419,1
5420,1
5421,0
5422,0
5423,0
5424,1
5425,1
5426,0
5427,1
5428,1
5429,0
5430,1
5431,0
5432,0
5433,0
5434,1
5435,1
5436,0
5437,0
5438,0
5439,0
5440,0
5441,0
5442,1
5443,1
5444,1
5445,1
5446,0
5447,0
5448,0
5449,0
5450,0
5451,0
5452,0
5453,0
5454,0
5455,1
5456,1
5457,1
5458,0
5459,1
5460,0
5461,0
5462,1
5463,1
5464,1
5465,0
5466,1
5467,1
5468,1
5469,0
5470,0
5471,1
5472,0
5473,0
5474,1
5475,0
5476,0
5477,1
5478,0
5479,0
5480,1
5481,0
5482,0
5483,1
5484,1
5485,1
5486,1
5487,0
5488,1
5489,1
5490,0
5491,0
5492,0
5493,0
5494,1
5495,1
5496,0
5497,1
5498,0
5499,1
5500,0
5501,1
5502,1
5503,0
5504,1
5505,0
5506,1
5507,0
5508,1
5509,1
5510,1
5511,0
5512,0
5513,0
5514,0
5515,1
5516,0
5517,1
5518,0
5519,0
5520,0
5521,0
5522,1
5523,0
5524,0
5525,1
5526,1
5527,1
5528,0
5529,0
5530,0
5531,0
5532,1
5533,0
5534,0
5535,1
5536,0
5537,0
5538,0
5539,0
5540,1
5541,1
5542,0
5543,0
5544,1
5545,1
5546,0
5547,1
5548,1
5549,0
5550,0
5551,1
5552,0
5553,0
5554,0
5555,1
5556,0
5557,0
5558,0
5559,0
5560,1
5561,0
5562,1
5563,0
5564,0
5565,0
5566,0
5567,0
5568,1
5569,1
5570,0
5571,0
5572,0
5573,1
5574,0
5575,0
5576,0
5577,0
5578,1
5579,1
5580,1
5581,1
5582,1
5583,1
5584,0
5585,1
5586,0
5587,1
5588,0
5589,0
5590,0
5591,1
5592,1
5593,1
5594,1
5595,0
5596,0
5597,1
5598,0
5599,1
5600,1
5601,1
5602,1
5603,0
5604,1
5605,0
5606,0
5607,1
5608,0
5609,1
5610,1
5611,0
5612,0
5613,0
5614,1
5615,1
5616,1
5617,0
5618,1
5619,0
5620,1
5621,1
5622,1
5623,0
5624,1
5625,1
5626,0
5627,0
5628,1
5629,0
5630,0
5631,1
5632,0
5633,0
5634,0
5635,0
5636,0
5637,1
5638,0
5639,1
5640,0
5641,1
5642,1
5643,1
5644,0
5645,0
5646,0
5647,0
5648,0
5649,1
5650,0
5651,1
5652,0
5653,0
5654,1
5655,0
5656,1
5657,0
5658,1
5659,0
5660,1
5661,0
5662,0
5663,0
5664,0
5665,1
5666,1
5667,1
5668,0
5669,0
5670,0
5671,1
5672,0
5673,1
5674,0
5675,1
5676,0
5677,0
5678,0
5679,0
5680,0
5681,0
5682,0
5683,0
5684,0
5685,0
5686,1
5687,1
5688,1
5689,0
5690,1
5691,1
5692,0
5693,0
5694,1
5695,1
5696,1
5697,1
5698,0
5699,0
5700,1
5701,1
5702,0
5703,1
5704,0
5705,1
5706,1
5707,0
5708,0
5709,0
5710,1
5711,1
5712,0
5713,0
5714,0
5715,1
5716,0
5717,0
5718,0
5719,0
5720,0
5721,0
5722,1
5723,0
5724,0
5725,0
5726,0
5727,1
5728,0
5729,0
5730,0
5731,1
5732,0
5733,0
5734,0
5735,0
5736,0
5737,1
5738,1
5739,1
5740,0
5741,0
5742,1
5743,0
5744,1
5745,0
5746,1
5747,0
5748,1
5749,1
5750,0
5751,0
5752,0
5753,0
5754,0
5755,0
5756,1
5757,0
5758,0
5759,1
5760,1
5761,1
5762,0
5763,1
5764,0
5765,0
5766,1
5767,1
5768,0
5769,0
5770,0
5771,0
5772,1
5773,0
5774,1
5775,0
5776,1
5777,1
5778,0
5779,0
5780,1
5781,1
5782,0
5783,1
5784,1
5785,1
5786,0
5787,0
5788,1
5789,0
5790,1
5791,1
5792,0
5793,0
5794,0
5795,0
5796,0
5797,0
5798,0
5799,0
5800,0
5801,0
5802,0
5803,1
5804,0
5805,1
5806,1
5807,1
5808,0
5809,0
5810,1
5811,0
5812,0
5813,1
5814,0
5815,0
5816,0
5817,1
5818,1
5819,1
5820,0
5821,0
5822,0
5823,1
5824,1
5825,0
5826,1
5827,1
5828,0
5829,0
5830,0
5831,1
5832,0
5833,0
5834,0
5835,0
5836,1
5837,0
5838,0
5839,0
5840,1
5841,0
5842,0
5843,0
5844,0
5845,0
5846,0
5847,0
5848,0
5849,1
5850,1
5851,1
5852,1
5853,0
5854,0
5855,1
5856,0
5857,0
5858,0
5859,1
5860,1
5861,0
5862,0
5863,0
5864,0
5865,1
5866,0
5867,0
5868,0
5869,0
5870,1
5871,0
5872,1
5873,0
5874,1
5875,0
5876,1
5877,1
5878,0
5879,1
5880,1
5881,0
5882,1
5883,0
5884,0
5885,0
5886,0
5887,0
5888,1
5889,1
5890,1
5891,1
5892,0
5893,0
5894,0
5895,0
5896,0
5897,0
5898,0
5899,1
5900,0
5901,1
5902,0
5903,0
5904,0
5905,1
5906,0
5907,0
5908,0
5909,1
5910,1
5911,0
5912,1
5913,0
5914,1
5915,1
5916,1
5917,1
5918,1
5919,1
5920,1
5921,1
5922,0
5923,0
5924,0
5925,0
5926,0
5927,1
5928,1
5929,1
5930,1
5931,0
5932,0
5933,0
5934,0
5935,0
5936,1
5937,0
5938,1
5939,1
5940,1
5941,0
5942,1
5943,0
5944,1
5945,1
5946,0
5947,0
5948,1
5949,1
5950,0
5951,0
5952,1
5953,0
5954,1
5955,0
5956,0
5957,0
5958,1
5959,0
5960,0
5961,0
5962,0
5963,1
5964,0
5965,0
5966,1
5967,0
5968,0
5969,0
5970,0
5971,1
5972,1
5973,0
5974,0
5975,1
5976,0
5977,1
5978,0
5979,1
5980,0
5981,1
5982,0
5983,1
5984,0
5985,0
5986,1
5987,1
5988,0
5989,1
5990,0
5991,0
5992,0
5993,0
5994,0
5995,0
5996,0
5997,0
5998,0
5999,0
6000,0
6001,1
6002,0
6003,1
6004,1
6005,0
6006,0
6007,1
6008,1
6009,0
6010,0
6011,0
6012,0
6013,0
6014,0
6015,0
6016,1
6017,0
6018,0
6019,1
6020,0
6021,0
6022,0
6023,0
6024,0
6025,1
6026,1
6027,0
6028,0
6029,0
6030,0
6031,0
6032,0
6033,0
6034,1
6035,1
6036,1
6037,0
6038,0
6039,1
6040,1
6041,0
6042,0
6043,0
6044,1
6045,0
6046,0
6047,0
6048,1
6049,1
6050,1
6051,1
6052,1
6053,1
6054,0
6055,0
6056,1
6057,0
6058,0
6059,1
6060,0
6061,1
6062,1
6063,1
6064,1
6065,0
6066,0
6067,1
6068,0
6069,0
6070,0
6071,0
6072,0
6073,0
6074,0
6075,0
6076,0
6077,0
6078,0
6079,0
6080,0
6081,1
6082,0
6083,1
6084,0
6085,0
6086,0
6087,0
6088,0
6089,0
6090,0
6091,0
6092,0
6093,1
6094,0
6095,1
6096,0
6097,0
6098,1
6099,0
6100,0
6101,0
6102,1
6103,0
6104,0
6105,0
6106,1
6107,0
6108,1
6109,1
6110,0
6111,0
6112,1
6113,1
6114,1
6115,0
6116,1
6117,1
6118,0
6119,0
6120,1
6121,0
6122,1
6123,1
6124,0
6125,1
6126,0
6127,1
6128,0
6129,0
6130,0
6131,1
6132,0
6133,0
6134,1
6135,0
6136,0
6137,0
6138,0
6139,1
6140,0
6141,1
6142,1
6143,1
6144,0
6145,0
6146,0
6147,1
6148,1
6149,1
6150,0
6151,1
6152,0
6153,1
6154,0
6155,0
6156,1
6157,1
6158,1
6159,1
6160,0
6161,0
6162,0
6163,1
6164,1
6165,1
6166,0
6167,0
6168,1
6169,0
6170,0
6171,0
6172,1
6173,0
6174,0
6175,0
6176,1
6177,1
6178,0
6179,0
6180,0
6181,1
6182,0
6183,0
6184,1
6185,0
6186,0
6187,1
6188,0
6189,1
6190,0
6191,0
6192,0
6193,1
6194,1
6195,1
6196,0
6197,0
6198,0
6199,0
6200,0
6201,0
6202,1
6203,0
6204,0
6205,1
6206,0
6207,1
6208,0
6209,0
6210,0
6211,1
6212,1
6213,1
6214,0
6215,0
6216,1
6217,0
6218,0
6219,0
6220,0
6221,0
6222,0
6223,0
6224,1
6225,0
6226,1
6227,1
6228,0
6229,0
6230,0
6231,0
6232,0
6233,1
6234,0
6235,0
6236,0
6237,1
6238,0
6239,0
6240,1
6241,1
6242,1
6243,1
6244,1
6245,1
6246,1
6247,1
6248,0
6249,1
6250,0
6251,0
6252,0
6253,1
6254,0
6255,0
6256,0
6257,0
6258,1
6259,0
6260,1
6261,0
6262,0
6263,1
6264,0
6265,1
6266,1
6267,0
6268,1
6269,1
6270,0
6271,0
6272,0
6273,0
6274,0
6275,0
6276,0
6277,1
6278,1
6279,0
6280,1
6281,0
6282,0
6283,0
6284,0
6285,0
6286,1
6287,1
6288,0
6289,0
6290,0
6291,0
6292,1
6293,0
6294,0
6295,0
6296,1
6297,1
6298,1
6299,0
6300,0
6301,1
6302,1
6303,1
6304,0
6305,0
6306,0
6307,0
6308,0
6309,1
6310,1
6311,0
6312,0
6313,0
6314,0
6315,0
6316,0
6317,0
6318,1
6319,1
6320,0
6321,0
6322,1
6323,1
6324,1
6325,1
6326,0
6327,1
6328,1
6329,1
6330,0
6331,1
6332,1
6333,1
6334,0
6335,1
6336,0
6337,0
6338,1
6339,1
6340,0
6341,0
6342,0
6343,1
6344,1
6345,1
6346,0
6347,0
6348,1
6349,0
6350,1
6351,1
6352,0
6353,1
6354,0
6355,0
6356,0
6357,1
6358,0
6359,0
6360,1
6361,0
6362,1
6363,0
6364,1
6365,0
6366,1
6367,0
6368,0
6369,1
6370,1
6371,0
6372,0
6373,1
6374,0
6375,1
6376,1
6377,0
6378,1
6379,0
6380,0
6381,0
6382,0
6383,0
6384,1
6385,1
6386,1
6387,0
6388,1
6389,1
6390,0
6391,0
6392,1
6393,1
6394,0
6395,0
6396,0
6397,0
6398,0
6399,0
6400,0
6401,1
6402,0
6403,0
6404,1
6405,0
6406,1
6407,0
6408,0
6409,0
6410,0
6411,0
6412,1
6413,0
6414,1
6415,1
6416,0
6417,1
6418,0
6419,0
6420,1
6421,1
6422,1
6423,1
6424,1
6425,1
6426,0
6427,0
6428,0
6429,0
6430,0
6431,1
6432,1
6433,0
6434,1
6435,0
6436,0
6437,0
6438,0
6439,0
6440,1
6441,0
6442,1
6443,0
6444,0
6445,0
6446,0
6447,1
6448,1
6449,0
6450,0
6451,0
6452,0
6453,1
6454,0
6455,1
6456,1
6457,0
6458,0
6459,0
6460,0
6461,1
6462,1
6463,1
6464,0
6465,0
6466,0
6467,0
6468,1
6469,1
6470,1
6471,0
6472,0
6473,0
6474,1
6475,1
6476,0
6477,0
6478,1
6479,0
6480,0
6481,1
6482,1
6483,0
6484,0
6485,1
6486,0
6487,0
6488,0
6489,0
6490,0
6491,1
6492,0
6493,0
6494,1
6495,0
6496,0
6497,0
6498,1
6499,0
6500,0
6501,0
6502,1
6503,0
6504,0
6505,0
6506,0
6507,1
6508,1
6509,1
6510,1
6511,1
6512,1
6513,0
6514,1
6515,1
6516,0
6517,0
6518,0
6519,0
6520,0
6521,1
6522,0
6523,1
6524,1
6525,0
6526,0
6527,1
6528,0
6529,1
6530,1
6531,0
6532,1
6533,1
6534,0
6535,0
6536,0
6537,0
6538,0
6539,1
6540,0
6541,0
6542,1
6543,1
6544,1
6545,1
6546,0
6547,1
6548,0
6549,1
6550,0
6551,1
6552,0
6553,0
6554,0
6555,0
6556,1
6557,0
6558,0
6559,1
6560,1
6561,0
6562,0
6563,0
6564,0
6565,0
6566,1
6567,0
6568,1
6569,1
6570,0
6571,0
6572,0
6573,0
6574,0
6575,0
6576,1
6577,0
6578,0
6579,0
6580,1
6581,1
6582,1
6583,1
6584,1
6585,0
6586,0
6587,0
6588,0
6589,0
6590,1
6591,1
6592,0
6593,1
6594,0
6595,1
6596,1
6597,1
6598,0
6599,0
6600,0
6601,0
6602,1
6603,1
6604,0
6605,0
6606,1
6607,0
6608,0
6609,0
6610,0
6611,0
6612,1
6613,0
6614,0
6615,0
6616,0
6617,0
6618,0
6619,0
6620,1
6621,0
6622,0
6623,0
6624,1
6625,0
6626,0
6627,1
6628,1
6629,0
6630,0
6631,0
6632,0
6633,1
6634,1
6635,0
6636,0
6637,0
6638,0
6639,1
6640,1
6641,0
6642,0
6643,0
6644,0
6645,0
6646,1
6647,0
6648,1
6649,0
6650,0
6651,0
6652,0
6653,0
6654,1
6655,0
6656,0
6657,0
6658,0
6659,1
6660,1
6661,0
6662,0
6663,1
6664,1
6665,1
6666,0
6667,1
6668,0
6669,0
6670,1
6671,1
6672,1
6673,1
6674,0
6675,0
6676,0
6677,0
6678,0
6679,0
6680,0
6681,0
6682,1
6683,0
6684,1
6685,0
6686,1
6687,0
6688,1
6689,0
6690,0
6691,0
6692,0
6693,0
6694,0
6695,0
6696,1
6697,0
6698,0
6699,1
6700,1
6701,1
6702,0
6703,0
6704,0
6705,0
6706,0
6707,0
6708,0
6709,0
6710,0
6711,0
6712,0
6713,1
6714,0
6715,0
6716,0
6717,1
6718,1
6719,1
6720,1
6721,1
6722,0
6723,0
6724,0
6725,0
6726,1
6727,1
6728,0
6729,0
6730,1
6731,0
6732,0
6733,0
6734,1
6735,1
6736,0
6737,1
6738,0
6739,1
6740,0
6741,0
6742,0
6743,0
6744,1
6745,0
6746,1
6747,0
6748,0
6749,0
6750,1
6751,1
6752,0
6753,1
6754,0
6755,1
6756,1
6757,0
6758,0
6759,0
6760,1
6761,0
6762,0
6763,1
6764,0
6765,1
6766,1
6767,1
6768,1
6769,0
6770,0
6771,0
6772,0
6773,1
6774,1
6775,0
6776,0
6777,0
6778,0
6779,0
6780,1
6781,0
6782,0
6783,0
6784,1
6785,1
6786,0
6787,1
6788,0
6789,1
6790,0
6791,1
6792,0
6793,1
6794,0
6795,0
6796,0
6797,0
6798,0
6799,0
6800,1
6801,1
6802,0
6803,1
6804,0
6805,0
6806,0
6807,0
6808,0
6809,1
6810,0
6811,1
6812,1
6813,1
6814,1
6815,0
6816,0
6817,0
6818,0
6819,0
6820,0
6821,1
6822,0
6823,0
6824,1
6825,0
6826,1
6827,0
6828,0
6829,1
6830,0
6831,1
6832,1
6833,0
6834,1
6835,1
6836,0
6837,0
6838,0
6839,1
6840,0
6841,0
6842,0
6843,0
6844,1
6845,1
6846,0
6847,1
6848,1
6849,0
6850,0
6851,1
6852,0
6853,0
6854,0
6855,0
6856,1
6857,0
6858,0
6859,1
6860,1
6861,1
6862,0
6863,0
6864,1
6865,0
6866,1
6867,1
6868,0
6869,0
6870,1
6871,0
6872,0
6873,1
6874,1
6875,0
6876,0
6877,1
6878,0
6879,0
6880,0
6881,0
6882,0
6883,0
6884,0
6885,1
6886,0
6887,0
6888,1
6889,0
6890,0
6891,1
6892,1
6893,1
6894,0
6895,1
6896,1
6897,1
6898,0
6899,0
6900,1
6901,0
6902,0
6903,0
6904,1
6905,0
6906,0
6907,0
6908,1
6909,1
6910,1
6911,1
6912,0
6913,0
6914,1
6915,1
6916,0
6917,1
6918,0
6919,0
6920,0
6921,1
6922,0
6923,0
6924,0
6925,0
6926,0
6927,0
6928,0
6929,1
6930,0
6931,0
6932,0
6933,1
6934,0
6935,0
6936,1
6937,0
6938,1
6939,0
6940,0
6941,0
6942,0
6943,1
6944,0
6945,0
6946,0
6947,1
6948,1
6949,0
6950,0
6951,0
6952,1
6953,0
6954,1
6955,0
6956,0
6957,0
6958,0
6959,1
6960,1
6961,1
6962,1
6963,1
6964,0
6965,0
6966,0
6967,1
6968,0
6969,0
6970,0
6971,0
6972,1
6973,0
6974,1
6975,0
6976,1
6977,0
6978,0
6979,0
6980,1
6981,0
6982,0
6983,0
6984,1
6985,0
6986,1
6987,0
6988,0
6989,1
6990,1
6991,1
6992,1
6993,0
6994,0
6995,1
6996,0
6997,0
6998,0
6999,1
7000,0
7001,0
7002,0
7003,1
7004,1
7005,1
7006,1
7007,1
7008,0
7009,1
7010,0
7011,0
7012,0
7013,1
7014,0
7015,0
7016,1
7017,0
7018,1
7019,0
7020,0
7021,0
7022,0
7023,0
7024,0
7025,0
7026,1
7027,0
7028,0
7029,0
7030,1
7031,0
7032,0
7033,0
7034,0
7035,0
7036,1
7037,0
7038,1
7039,0
7040,0
7041,0
7042,0
7043,0
7044,0
7045,1
7046,1
7047,0
7048,0
7049,0
7050,0
7051,0
7052,1
7053,1
7054,1
7055,0
7056,1
7057,1
7058,1
7059,1
7060,0
7061,1
7062,1
7063,0
7064,0
7065,0
7066,1
7067,1
7068,1
7069,1
7070,0
7071,0
7072,0
7073,0
7074,0
7075,0
7076,1
7077,1
7078,1
7079,0
7080,1
7081,1
7082,0
7083,0
7084,0
7085,0
7086,0
7087,1
7088,1
7089,0
7090,0
7091,1
7092,1
7093,0
7094,0
7095,0
7096,1
7097,0
7098,0
7099,1
7100,1
7101,1
7102,0
7103,1
7104,1
7105,0
7106,1
7107,1
7108,0
7109,0
7110,1
7111,0
7112,0
7113,1
7114,1
7115,0
7116,1
7117,1
7118,1
7119,0
7120,0
7121,0
7122,1
7123,1
7124,0
7125,0
7126,0
7127,0
7128,1
7129,1
7130,1
7131,1
7132,0
7133,0
7134,0
7135,1
7136,0
7137,1
7138,1
7139,0
7140,1
7141,1
7142,1
7143,1
7144,0
7145,1
7146,0
7147,1
7148,1
7149,0
7150,0
7151,1
7152,0
7153,1
7154,0
7155,1
7156,0
7157,0
7158,1
7159,1
7160,1
7161,0
7162,1
7163,0
7164,1
7165,0
7166,0
7167,0
7168,1
7169,1
7170,1
7171,0
7172,0
7173,1
7174,0
7175,1
7176,0
7177,1
7178,0
7179,0
7180,1
7181,0
7182,0
7183,1
7184,1
7185,0
7186,1
7187,1
7188,0
7189,0
7190,0
7191,1
7192,1
7193,1
7194,0
7195,0
7196,0
7197,0
7198,0
7199,0
7200,1
7201,0
7202,1
7203,1
7204,0
7205,1
7206,0
7207,0
7208,0
7209,0
7210,1
7211,1
7212,1
7213,0
7214,1
7215,0
7216,1
7217,0
7218,0
7219,0
7220,0
7221,0
7222,1
7223,1
7224,0
7225,0
7226,1
7227,1
7228,1
7229,0
7230,1
7231,0
7232,0
7233,1
7234,0
7235,0
7236,0
7237,0
7238,0
7239,0
7240,0
7241,0
7242,1
7243,0
7244,1
7245,0
7246,0
7247,0
7248,0
7249,0
7250,0
7251,0
7252,0
7253,0
7254,1
7255,0
7256,0
7257,0
7258,0
7259,1
7260,1
7261,1
7262,0
7263,1
7264,1
7265,0
7266,1
7267,0
7268,0
7269,1
7270,0
7271,0
7272,0
7273,1
7274,0
7275,1
7276,1
7277,0
7278,1
7279,0
7280,0
7281,0
7282,0
7283,0
7284,1
7285,1
7286,0
7287,1
7288,1
7289,1
7290,0
7291,0
7292,0
7293,1
7294,0
7295,1
7296,1
7297,0
7298,1
7299,1
7300,1
7301,1
7302,1
7303,0
7304,0
7305,1
7306,0
7307,0
7308,1
7309,1
7310,0
7311,1
7312,0
7313,0
7314,1
7315,0
7316,0
7317,1
7318,1
7319,1
7320,1
7321,0
7322,0
7323,0
7324,0
7325,0
7326,0
7327,0
7328,0
7329,0
7330,0
7331,0
7332,0
7333,0
7334,0
7335,0
7336,0
7337,0
7338,0
7339,0
7340,0
7341,1
7342,0
7343,0
7344,0
7345,1
7346,1
7347,0
7348,1
7349,1
7350,1
7351,0
7352,1
7353,0
7354,1
7355,0
7356,0
7357,0
7358,0
7359,0
7360,0
7361,0
7362,0
7363,1
7364,0
7365,1
7366,0
7367,0
7368,0
7369,1
7370,1
7371,1
7372,0
7373,1
7374,0
7375,1
7376,1
7377,1
7378,0
7379,0
7380,0
7381,0
7382,1
7383,1
7384,1
7385,1
7386,1
7387,0
7388,1
7389,1
7390,1
7391,1
7392,0
7393,0
7394,1
7395,0
7396,1
7397,1
7398,0
7399,0
7400,0
7401,1
7402,0
7403,0
7404,1
7405,0
7406,0
7407,1
7408,0
7409,0
7410,0
7411,0
7412,1
7413,0
7414,1
7415,1
7416,0
7417,1
7418,0
7419,0
7420,1
7421,0
7422,1
7423,0
7424,0
7425,0
7426,1
7427,1
7428,1
7429,1
7430,1
7431,0
7432,0
7433,1
7434,1
7435,0
7436,0
7437,0
7438,0
7439,1
7440,0
7441,0
7442,0
7443,0
7444,0
7445,1
7446,0
7447,0
7448,0
7449,0
7450,1
7451,0
7452,0
7453,0
7454,0
7455,1
7456,0
7457,1
7458,1
7459,0
7460,0
7461,0
7462,0
7463,1
7464,0
7465,1
7466,0
7467,0
7468,0
7469,0
7470,1
7471,0
7472,0
7473,1
7474,1
7475,1
7476,1
7477,1
7478,1
7479,0
7480,0
7481,0
7482,0
7483,0
7484,0
7485,0
7486,0
7487,1
7488,1
7489,1
7490,0
7491,0
7492,0
7493,0
7494,0
7495,1
7496,0
7497,0
7498,1
7499,0
7500,0
7501,1
7502,0
7503,0
7504,0
7505,0
7506,1
7507,0
7508,0
7509,0
7510,1
7511,1
7512,1
7513,0
7514,1
7515,1
7516,1
7517,1
7518,1
7519,0
7520,1
7521,0
7522,0
7523,0
7524,1
7525,0
7526,0
7527,1
7528,0
7529,0
7530,1
7531,0
7532,0
7533,1
7534,0
7535,0
7536,0
7537,0
7538,0
7539,0
7540,1
7541,0
7542,0
7543,0
7544,0
7545,1
7546,0
7547,0
7548,0
7549,1
7550,0
7551,1
7552,0
7553,0
7554,1
7555,0
7556,0
7557,0
7558,0
7559,0
7560,0
7561,1
7562,0
7563,0
7564,1
7565,0
7566,1
7567,0
7568,1
7569,0
7570,1
7571,1
7572,1
7573,0
7574,1
7575,1
7576,0
7577,0
7578,0
7579,0
7580,1
7581,0
7582,1
7583,0
7584,0
7585,0
7586,0
7587,0
7588,0
7589,0
7590,0
7591,0
7592,0
7593,0
7594,0
7595,1
7596,0
7597,1
7598,0
7599,1
7600,0
7601,1
7602,1
7603,0
7604,0
7605,0
7606,1
7607,1
7608,1
7609,0
7610,1
7611,0
7612,0
7613,1
7614,1
7615,0
7616,0
7617,1
7618,0
7619,0
7620,0
7621,1
7622,0
7623,1
7624,1
7625,1
7626,1
7627,1
7628,1
7629,0
7630,0
7631,1
7632,0
7633,1
7634,0
7635,1
7636,1
7637,0
7638,1
7639,0
7640,1
7641,1
7642,0
7643,0
7644,1
7645,0
7646,1
7647,0
7648,0
7649,0
7650,1
7651,0
7652,0
7653,1
7654,1
7655,0
7656,1
7657,0
7658,1
7659,1
7660,0
7661,1
7662,1
7663,0
7664,1
7665,0
7666,0
7667,0
7668,0
7669,0
7670,1
7671,0
7672,0
7673,1
7674,1
7675,1
7676,0
7677,0
7678,0
7679,0
7680,1
7681,0
7682,0
7683,0
7684,0
7685,1
7686,0
7687,0
7688,1
7689,1
7690,0
7691,0
7692,0
7693,0
7694,0
7695,0
7696,0
7697,0
7698,1
7699,1
7700,1
7701,1
7702,0
7703,0
7704,0
7705,0
7706,0
7707,1
7708,1
7709,1
7710,0
7711,0
7712,1
7713,0
7714,0
7715,0
7716,0
7717,1
7718,1
7719,0
7720,1
7721,0
7722,0
7723,0
7724,0
7725,1
7726,0
7727,0
7728,0
7729,0
7730,0
7731,1
7732,1
7733,1
7734,0
7735,0
7736,1
7737,1
7738,0
7739,1
7740,1
7741,1
7742,1
7743,1
7744,0
7745,0
7746,0
7747,0
7748,0
7749,1
7750,0
7751,1
7752,1
7753,1
7754,1
7755,1
7756,1
7757,1
7758,1
7759,0
7760,0
7761,1
7762,1
7763,0
7764,0
7765,0
7766,0
7767,0
7768,1
7769,0
7770,0
7771,0
7772,1
7773,1
7774,1
7775,0
7776,0
7777,0
7778,1
7779,1
7780,1
7781,1
7782,1
7783,0
7784,1
7785,0
7786,0
7787,0
7788,1
7789,1
7790,1
7791,0
7792,0
7793,0
7794,0
7795,1
7796,0
7797,0
7798,1
7799,0
7800,0
7801,0
7802,1
7803,0
7804,0
7805,0
7806,1
7807,1
7808,0
7809,0
7810,0
7811,1
7812,1
7813,0
7814,1
7815,1
7816,0
7817,1
7818,0
7819,1
7820,0
7821,0
7822,0
7823,0
7824,1
7825,1
7826,1
7827,0
7828,0
7829,1
7830,0
7831,1
7832,1
7833,0
7834,1
7835,0
7836,0
7837,0
7838,0
7839,0
7840,1
7841,0
7842,0
7843,0
7844,1
7845,0
7846,1
7847,0
7848,0
7849,0
7850,1
7851,0
7852,0
7853,0
7854,0
7855,0
7856,0
7857,0
7858,0
7859,0
7860,0
7861,1
7862,1
7863,0
7864,0
7865,1
7866,0
7867,0
7868,0
7869,1
7870,0
7871,1
7872,0
7873,1
7874,0
7875,0
7876,0
7877,0
7878,0
7879,1
7880,0
7881,0
7882,1
7883,1
7884,0
7885,1
7886,1
7887,1
7888,0
7889,1
7890,0
7891,1
7892,0
7893,0
7894,0
7895,0
7896,1
7897,0
7898,1
7899,1
7900,1
7901,1
7902,0
7903,1
7904,0
7905,0
7906,1
7907,1
7908,0
7909,1
7910,0
7911,0
7912,0
7913,0
7914,0
7915,1
7916,0
7917,0
7918,0
7919,1
7920,0
7921,0
7922,0
7923,0
7924,1
7925,1
7926,1
7927,1
7928,1
7929,0
7930,0
7931,0
7932,1
7933,0
7934,1
7935,0
7936,0
7937,0
7938,1
7939,0
7940,1
7941,1
7942,0
7943,0
7944,0
7945,0
7946,0
7947,0
7948,0
7949,1
7950,1
7951,0
7952,1
7953,0
7954,1
7955,1
7956,0
7957,1
7958,1
7959,0
7960,1
7961,1
7962,1
7963,0
7964,0
7965,1
7966,0
7967,0
7968,1
7969,1
7970,0
7971,0
7972,0
7973,0
7974,1
7975,1
7976,1
7977,0
7978,0
7979,1
7980,1
7981,0
7982,0
7983,1
7984,1
7985,0
7986,1
7987,0
7988,1
7989,0
7990,1
7991,1
7992,0
7993,0
7994,0
7995,0
7996,0
7997,1
7998,0
7999,0
8000,1
8001,0
8002,1
8003,0
8004,1
8005,0
8006,0
8007,0
8008,1
8009,1
8010,0
8011,0
8012,1
8013,0
8014,0
8015,0
8016,0
8017,0
8018,0
8019,1
8020,1
8021,1
8022,1
8023,1
8024,1
8025,0
8026,1
8027,1
8028,1
8029,1
8030,1
8031,1
8032,0
8033,0
8034,1
8035,0
8036,1
8037,0
8038,1
8039,1
8040,0
8041,0
8042,1
8043,0
8044,1
8045,1
8046,1
8047,0
8048,1
8049,0
8050,0
8051,0
8052,1
8053,0
8054,0
8055,0
8056,0
8057,1
8058,1
8059,1
8060,1
8061,0
8062,0
8063,0
8064,1
8065,0
8066,0
8067,1
8068,0
8069,0
8070,0
8071,0
8072,1
8073,0
8074,0
8075,1
8076,1
8077,0
8078,0
8079,1
8080,1
8081,0
8082,0
8083,0
8084,0
8085,1
8086,0
8087,0
8088,1
8089,1
8090,0
8091,0
8092,0
8093,1
8094,0
8095,0
8096,1
8097,1
8098,0
8099,0
8100,0
8101,1
8102,1
8103,1
8104,0
8105,0
8106,1
8107,0
8108,0
8109,0
8110,0
8111,1
8112,1
8113,0
8114,0
8115,0
8116,0
8117,0
8118,0
8119,0
8120,1
8121,0
8122,0
8123,1
8124,1
8125,0
8126,0
8127,0
8128,1
8129,0
8130,1
8131,0
8132,0
8133,1
8134,1
8135,0
8136,1
8137,0
8138,0
8139,1
8140,1
8141,1
8142,0
8143,0
8144,0
8145,0
8146,1
8147,0
8148,0
8149,1
8150,0
8151,1
8152,1
8153,0
8154,0
8155,0
8156,0
8157,0
8158,0
8159,0
8160,0
8161,0
8162,0
8163,0
8164,1
8165,0
8166,1
8167,0
8168,1
8169,1
8170,1
8171,0
8172,1
8173,0
8174,0
8175,0
8176,0
8177,0
8178,0
8179,0
8180,0
8181,1
8182,0
8183,0
8184,0
8185,1
8186,0
8187,1
8188,1
8189,1
8190,0
8191,0
8192,0
8193,0
8194,0
8195,0
8196,0
8197,0
8198,1
8199,0
8200,0
8201,1
8202,1
8203,1
8204,0
8205,0
8206,0
8207,1
8208,0
8209,1
8210,1
8211,1
8212,0
8213,1
8214,0
8215,1
8216,1
8217,0
8218,0
8219,1
8220,0
8221,1
8222,0
8223,1
8224,0
8225,0
8226,0
8227,1
8228,0
8229,1
8230,0
8231,0
8232,1
8233,1
8234,0
8235,0
8236,0
8237,1
8238,0
8239,1
8240,1
8241,0
8242,0
8243,0
8244,0
8245,0
8246,0
8247,1
8248,1
8249,1
8250,0
8251,0
8252,1
8253,0
8254,0
8255,0
8256,1
8257,0
8258,1
8259,1
8260,0
8261,0
8262,0
8263,1
8264,1
8265,0
8266,1
8267,0
8268,1
8269,1
8270,0
8271,0
8272,1
8273,0
8274,1
8275,1
8276,0
8277,0
8278,1
8279,0
8280,0
8281,0
8282,0
8283,0
8284,1
8285,0
8286,0
8287,0
8288,0
8289,0
8290,0
8291,1
8292,0
8293,0
8294,1
8295,1
8296,0
8297,1
8298,1
8299,0
8300,0
8301,0
8302,0
8303,1
8304,0
8305,1
8306,1
8307,0
8308,1
8309,0
8310,0
8311,0
8312,0
8313,0
8314,1
8315,1
8316,1
8317,0
8318,0
8319,0
8320,0
8321,0
8322,0
8323,1
8324,1
8325,0
8326,0
8327,1
8328,0
8329,0
8330,1
8331,0
8332,1
8333,0
8334,1
8335,1
8336,1
8337,1
8338,1
8339,0
8340,1
8341,0
8342,1
8343,0
8344,0
8345,0
8346,1
8347,0
8348,1
8349,0
8350,1
8351,0
8352,0
8353,0
8354,0
8355,1
8356,0
8357,0
8358,0
8359,1
8360,0
8361,1
8362,1
8363,1
8364,0
8365,0
8366,1
8367,0
8368,1
8369,1
8370,0
8371,1
8372,0
8373,0
8374,0
8375,0
8376,0
8377,1
8378,0
8379,0
8380,0
8381,0
8382,0
8383,0
8384,0
8385,0
8386,0
8387,0
8388,1
8389,0
8390,1
8391,1
8392,0
8393,1
8394,1
8395,0
8396,1
8397,1
8398,0
8399,0
8400,1
8401,0
8402,1
8403,1
8404,0
8405,0
8406,0
8407,0
8408,0
8409,0
8410,1
8411,0
8412,0
8413,0
8414,0
8415,0
8416,0
8417,0
8418,0
8419,0
8420,0
8421,0
8422,0
8423,1
8424,0
8425,0
8426,1
8427,1
8428,1
8429,1
8430,1
8431,0
8432,1
8433,0
8434,1
8435,1
8436,0
8437,1
8438,0
8439,1
8440,1
8441,0
8442,0
8443,0
8444,0
8445,1
8446,1
8447,1
8448,0
8449,0
8450,0
8451,0
8452,0
8453,1
8454,0
8455,0
8456,0
8457,0
8458,0
8459,0
8460,0
8461,0
8462,1
8463,1
8464,0
8465,1
8466,0
8467,0
8468,0
8469,1
8470,0
8471,0
8472,1
8473,0
8474,1
8475,0
8476,0
8477,0
8478,0
8479,1
8480,0
8481,1
8482,1
8483,0
8484,1
8485,0
8486,1
8487,1
8488,0
8489,1
8490,1
8491,1
8492,1
8493,1
8494,0
8495,0
8496,0
8497,1
8498,1
8499,0
8500,1
8501,0
8502,0
8503,1
8504,1
8505,0
8506,1
8507,1
8508,0
8509,0
8510,0
8511,1
8512,0
8513,1
8514,0
8515,1
8516,0
8517,1
8518,0
8519,1
8520,1
8521,0
8522,1
8523,0
8524,1
8525,1
8526,1
8527,1
8528,1
8529,0
8530,0
8531,1
8532,1
8533,0
8534,0
8535,0
8536,1
8537,0
8538,0
8539,1
8540,1
8541,1
8542,1
8543,0
8544,1
8545,0
8546,0
8547,1
8548,0
8549,0
8550,0
8551,0
8552,1
8553,1
8554,1
8555,1
8556,0
8557,0
8558,1
8559,0
8560,0
8561,0
8562,0
8563,1
8564,1
8565,0
8566,0
8567,0
8568,0
8569,1
8570,0
8571,1
8572,0
8573,1
8574,0
8575,0
8576,0
8577,0
8578,0
8579,0
8580,1
8581,1
8582,1
8583,0
8584,1
8585,0
8586,0
8587,1
8588,0
8589,1
8590,0
8591,0
8592,0
8593,0
8594,1
8595,0
8596,0
8597,1
8598,0
8599,0
8600,0
8601,0
8602,1
8603,1
8604,0
8605,0
8606,0
8607,0
8608,1
8609,1
8610,0
8611,0
8612,1
8613,0
8614,1
8615,1
8616,0
8617,0
8618,0
8619,0
8620,0
8621,1
8622,1
8623,1
8624,1
8625,1
8626,1
8627,0
8628,0
8629,0
8630,0
8631,0
8632,0
8633,1
8634,0
8635,1
8636,0
8637,0
8638,1
8639,0
8640,0
8641,0
8642,1
8643,1
8644,1
8645,1
8646,0
8647,0
8648,1
8649,1
8650,0
8651,0
8652,1
8653,0
8654,1
8655,0
8656,1
8657,0
8658,0
8659,1
8660,1
8661,0
8662,0
8663,0
8664,1
8665,0
8666,1
8667,0
8668,0
8669,0
8670,0
8671,1
8672,0
8673,0
8674,1
8675,0
8676,0
8677,0
8678,1
8679,0
8680,0
8681,1
8682,1
8683,1
8684,1
8685,1
8686,0
8687,1
8688,1
8689,1
8690,0
8691,0
8692,0
8693,1
8694,0
8695,0
8696,0
8697,1
8698,1
8699,1
8700,1
8701,0
8702,0
8703,1
8704,0
8705,0
8706,0
8707,1
8708,0
8709,1
8710,0
8711,1
8712,0
8713,0
8714,1
8715,0
8716,0
8717,0
8718,0
8719,0
8720,0
8721,0
8722,0
8723,1
8724,0
8725,1
8726,1
8727,1
8728,0
8729,1
8730,1
8731,0
8732,1
8733,0
8734,0
8735,0
8736,0
8737,0
8738,1
8739,0
8740,0
8741,0
8742,0
8743,0
8744,1
8745,0
8746,0
8747,1
8748,0
8749,1
8750,1
8751,0
8752,0
8753,0
8754,0
8755,1
8756,0
8757,1
8758,1
8759,0
8760,0
8761,1
8762,0
8763,0
8764,1
8765,0
8766,0
8767,0
8768,1
8769,0
8770,1
8771,0
8772,1
8773,0
8774,0
8775,1
8776,1
8777,0
8778,0
8779,0
8780,1
8781,1
8782,0
8783,1
8784,0
8785,1
8786,0
8787,1
8788,1
8789,0
8790,0
8791,1
8792,0
8793,1
8794,1
8795,0
8796,1
8797,1
8798,1
8799,0
8800,0
8801,1
8802,1
8803,0
8804,1
8805,0
8806,0
8807,0
8808,0
8809,0
8810,0
8811,1
8812,0
8813,1
8814,0
8815,1
8816,0
8817,0
8818,0
8819,1
8820,0
8821,0
8822,1
8823,1
8824,0
8825,1
8826,1
8827,1
8828,1
8829,0
8830,1
8831,0
8832,1
8833,1
8834,0
8835,0
8836,0
8837,1
8838,1
8839,0
8840,1
8841,0
8842,0
8843,1
8844,1
8845,0
8846,1
8847,0
8848,0
8849,0
8850,1
8851,1
8852,0
8853,0
8854,1
8855,0
8856,1
8857,0
8858,0
8859,0
8860,1
8861,0
8862,1
8863,1
8864,0
8865,1
8866,0
8867,1
8868,1
8869,0
8870,0
8871,0
8872,1
8873,1
8874,0
8875,1
8876,0
8877,1
8878,1
8879,0
8880,0
8881,0
8882,1
8883,0
8884,0
8885,1
8886,0
8887,1
8888,0
8889,1
8890,1
8891,0
8892,1
8893,1
8894,1
8895,0
8896,1
8897,0
8898,1
8899,1
8900,1
8901,0
8902,0
8903,0
8904,1
8905,1
8906,1
8907,0
8908,0
8909,1
8910,0
8911,0
8912,1
8913,1
8914,1
8915,1
8916,1
8917,0
8918,0
8919,0
8920,1
8921,0
8922,1
8923,1
8924,0
8925,0
8926,1
8927,0
8928,1
8929,0
8930,1
8931,0
8932,0
8933,1
8934,0
8935,1
8936,0
8937,1
8938,1
8939,0
8940,0
8941,0
8942,1
8943,1
8944,1
8945,1
8946,1
8947,1
8948,1
8949,0
8950,0
8951,0
8952,1
8953,1
8954,0
8955,0
8956,0
8957,0
8958,0
8959,1
8960,0
8961,0
8962,0
8963,1
8964,0
8965,1
8966,1
8967,0
8968,0
8969,0
8970,1
8971,0
8972,0
8973,0
8974,0
8975,1
8976,1
8977,0
8978,0
8979,0
8980,1
8981,1
8982,1
8983,0
8984,0
8985,0
8986,1
8987,0
8988,0
8989,1
8990,0
8991,0
8992,0
8993,0
8994,0
8995,0
8996,1
8997,1
8998,1
8999,0
9000,1
9001,0
9002,0
9003,0
9004,1
9005,0
9006,0
9007,0
9008,0
9009,0
9010,0
9011,0
9012,0
9013,0
9014,1
9015,0
9016,0
9017,0
9018,0
9019,1
9020,1
9021,1
9022,0
9023,1
9024,0
9025,0
9026,0
9027,0
9028,1
9029,0
9030,1
9031,0
9032,0
9033,1
9034,1
9035,0
9036,1
9037,1
9038,1
9039,1
9040,0
9041,0
9042,1
9043,0
9044,1
9045,0
9046,0
9047,0
9048,1
9049,1
9050,1
9051,1
9052,0
9053,0
9054,0
9055,1
9056,0
9057,1
9058,1
9059,0
9060,0
9061,0
9062,0
9063,0
9064,0
9065,1
9066,1
9067,0
9068,0
9069,1
9070,1
9071,0
9072,1
9073,0
9074,1
9075,0
9076,0
9077,0
9078,1
9079,1
9080,1
9081,1
9082,0
9083,0
9084,0
9085,0
9086,1
9087,1
9088,1
9089,0
9090,0
9091,0
9092,1
9093,1
9094,1
9095,1
9096,0
9097,1
9098,0
9099,1
9100,0
9101,0
9102,1
9103,1
9104,1
9105,0
9106,0
9107,0
9108,1
9109,0
9110,0
9111,0
9112,0
9113,1
9114,0
9115,1
9116,0
9117,0
9118,0
9119,1
9120,0
9121,1
9122,1
9123,0
9124,1
9125,0
9126,1
9127,0
9128,0
9129,0
9130,0
9131,1
9132,1
9133,1
9134,0
9135,1
9136,0
9137,0
9138,0
9139,1
9140,1
9141,0
9142,0
9143,0
9144,0
9145,0
9146,0
9147,0
9148,0
9149,0
9150,0
9151,0
9152,1
9153,1
9154,0
9155,0
9156,1
9157,0
9158,0
9159,0
9160,0
9161,1
9162,0
9163,1
9164,1
9165,0
9166,1
9167,1
9168,0
9169,0
9170,0
9171,1
9172,0
9173,1
9174,0
9175,0
9176,0
9177,0
9178,0
9179,1
9180,1
9181,0
9182,1
9183,0
9184,1
9185,0
9186,0
9187,1
9188,0
9189,1
9190,1
9191,1
9192,1
9193,0
9194,0
9195,0
9196,0
9197,0
9198,1
9199,0
9200,0
9201,0
9202,1
9203,1
9204,0
9205,0
9206,0
9207,0
9208,0
9209,0
9210,1
9211,0
9212,1
9213,0
9214,0
9215,1
9216,1
9217,1
9218,1
9219,0
9220,0
9221,0
9222,1
9223,0
9224,1
9225,0
9226,1
9227,1
9228,1
9229,1
9230,1
9231,1
9232,1
9233,0
9234,0
9235,1
9236,0
9237,0
9238,1
9239,0
9240,0
9241,0
9242,0
9243,1
9244,0
9245,1
9246,0
9247,0
9248,0
9249,1
9250,0
9251,0
9252,1
9253,0
9254,0
9255,1
9256,0
9257,1
9258,1
9259,0
9260,0
9261,1
9262,1
9263,0
9264,1
9265,0
9266,0
9267,1
9268,1
9269,0
9270,0
9271,0
9272,0
9273,1
9274,1
9275,1
9276,0
9277,1
9278,0
9279,0
9280,1
9281,0
9282,1
9283,0
9284,0
9285,0
9286,1
9287,1
9288,1
9289,1
9290,0
9291,0
9292,0
9293,0
9294,0
9295,0
9296,0
9297,1
9298,0
9299,0
9300,0
9301,1
9302,1
9303,0
9304,1
9305,0
9306,0
9307,1
9308,0
9309,1
9310,0
9311,0
9312,0
9313,1
9314,0
9315,1
9316,0
9317,1
9318,0
9319,0
9320,0
9321,0
9322,0
9323,1
9324,0
9325,1
9326,1
9327,0
9328,0
9329,0
9330,0
9331,1
9332,1
9333,1
9334,0
9335,1
9336,0
9337,1
9338,1
9339,1
9340,1
9341,1
9342,1
9343,0
9344,0
9345,0
9346,0
9347,1
9348,0
9349,1
9350,0
9351,1
9352,1
9353,1
9354,0
9355,0
9356,1
9357,0
9358,1
9359,1
9360,0
9361,0
9362,0
9363,0
9364,0
9365,1
9366,1
9367,1
9368,0
9369,1
9370,1
9371,1
9372,0
9373,0
9374,1
9375,1
9376,0
9377,0
9378,0
9379,1
9380,0
9381,0
9382,0
9383,0
9384,0
9385,0
9386,1
9387,0
9388,0
9389,1
9390,1
9391,0
9392,1
9393,0
9394,1
9395,0
9396,1
9397,1
9398,0
9399,1
9400,1
9401,0
9402,1
9403,0
9404,1
9405,0
9406,0
9407,1
9408,1
9409,1
9410,1
9411,1
9412,0
9413,1
9414,0
9415,0
9416,1
9417,0
9418,1
9419,0
9420,0
9421,0
9422,0
9423,0
9424,1
9425,1
9426,0
9427,0
9428,0
9429,1
9430,0
9431,1
9432,0
9433,0
9434,0
9435,0
9436,0
9437,1
9438,1
9439,1
9440,1
9441,0
9442,0
9443,0
9444,1
9445,1
9446,0
9447,0
9448,0
9449,0
9450,1
9451,0
9452,1
9453,0
9454,0
9455,1
9456,0
9457,0
9458,1
9459,0
9460,0
9461,0
9462,0
9463,1
9464,0
9465,1
9466,0
9467,0
9468,0
9469,1
9470,1
9471,0
9472,0
9473,0
9474,0
9475,0
9476,0
9477,0
9478,0
9479,0
9480,0
9481,0
9482,1
9483,0
9484,1
9485,0
9486,1
9487,1
9488,0
9489,0
9490,0
9491,1
9492,0
9493,0
9494,1
9495,0
9496,0
9497,1
9498,0
9499,0
9500,1
9501,1
9502,0
9503,1
9504,0
9505,0
9506,1
9507,0
9508,0
9509,0
9510,0
9511,0
9512,1
9513,1
9514,0
9515,0
9516,1
9517,0
9518,0
9519,0
9520,0
9521,1
9522,1
9523,0
9524,0
9525,0
9526,0
9527,0
9528,0
9529,0
9530,0
9531,0
9532,0
9533,1
9534,0
9535,1
9536,0
9537,0
9538,0
9539,0
9540,1
9541,0
9542,1
9543,1
9544,0
9545,1
9546,0
9547,0
9548,0
9549,1
9550,0
9551,0
9552,0
9553,0
9554,1
9555,0
9556,0
9557,1
9558,1
9559,0
9560,0
9561,0
9562,0
9563,0
9564,0
9565,0
9566,0
9567,0
9568,1
9569,0
9570,1
9571,0
9572,1
9573,0
9574,0
9575,1
9576,0
9577,0
9578,0
9579,1
9580,1
9581,0
9582,0
9583,0
9584,0
9585,0
9586,0
9587,0
9588,0
9589,1
9590,1
9591,1
9592,0
9593,0
9594,1
9595,0
9596,1
9597,1
9598,1
9599,1
9600,1
9601,1
9602,0
9603,0
9604,1
9605,0
9606,0
9607,0
9608,0
9609,0
9610,1
9611,0
9612,1
9613,0
9614,0
9615,1
9616,0
9617,1
9618,1
9619,0
9620,0
9621,1
9622,0
9623,1
9624,0
9625,0
9626,0
9627,0
9628,0
9629,0
9630,1
9631,0
9632,1
9633,0
9634,1
9635,0
9636,0
9637,1
9638,0
9639,1
9640,1
9641,1
9642,1
9643,0
9644,0
9645,0
9646,1
9647,0
9648,0
9649,0
9650,0
9651,1
9652,0
9653,1
9654,0
9655,1
9656,0
9657,1
9658,0
9659,0
9660,1
9661,0
9662,0
9663,1
9664,1
9665,0
9666,0
9667,1
9668,0
9669,1
9670,1
9671,0
9672,0
9673,0
9674,1
9675,1
9676,0
9677,0
9678,1
9679,0
9680,0
9681,0
9682,0
9683,1
9684,0
9685,1
9686,0
9687,0
9688,1
9689,1
9690,0
9691,1
9692,1
9693,0
9694,0
9695,0
9696,1
9697,0
9698,1
9699,1
9700,1
9701,0
9702,1
9703,0
9704,0
9705,1
9706,0
9707,1
9708,0
9709,0
9710,1
9711,0
9712,1
9713,0
9714,0
9715,0
9716,0
9717,0
9718,0
9719,1
9720,1
9721,0
9722,1
9723,0
9724,0
9725,0
9726,1
9727,0
9728,1
9729,0
9730,1
9731,1
9732,0
9733,0
9734,0
9735,1
9736,0
9737,1
9738,0
9739,0
9740,0
9741,1
9742,1
9743,1
9744,0
9745,1
9746,1
9747,1
9748,0
9749,0
9750,0
9751,1
9752,0
9753,1
9754,0
9755,0
9756,0
9757,1
9758,1
9759,0
9760,0
9761,0
9762,1
9763,1
9764,1
9765,1
9766,0
9767,0
9768,0
9769,0
9770,1
9771,0
9772,1
9773,1
9774,0
9775,1
9776,1
9777,1
9778,0
9779,0
9780,0
9781,0
9782,1
9783,0
9784,0
9785,0
9786,1
9787,1
9788,0
9789,1
9790,0
9791,1
9792,1
9793,1
9794,1
9795,0
9796,0
9797,0
9798,1
9799,1
9800,0
9801,1
9802,0
9803,0
9804,0
9805,1
9806,1
9807,1
9808,0
9809,0
9810,0
9811,0
9812,0
9813,0
9814,0
9815,1
9816,1
9817,1
9818,0
9819,0
9820,0
9821,0
9822,0
9823,0
9824,0
9825,0
9826,0
9827,1
9828,1
9829,1
9830,0
9831,0
9832,0
9833,0
9834,1
9835,1
9836,0
9837,1
9838,1
9839,0
9840,1
9841,0
9842,0
9843,1
9844,0
9845,1
9846,1
9847,1
9848,1
9849,0
9850,0
9851,1
9852,0
9853,1
9854,1
9855,0
9856,1
9857,1
9858,0
9859,0
9860,0
9861,0
9862,0
9863,0
9864,1
9865,0
9866,0
9867,0
9868,0
9869,0
9870,1
9871,0
9872,1
9873,0
9874,0
9875,1
9876,1
9877,1
9878,1
9879,1
9880,0
9881,1
9882,0
9883,0
9884,0
9885,0
9886,1
9887,0
9888,1
9889,1
9890,1
9891,1
9892,0
9893,0
9894,1
9895,1
9896,0
9897,0
9898,1
9899,1
9900,0
9901,0
9902,1
9903,1
9904,0
9905,1
9906,0
9907,0
9908,0
9909,1
9910,0
9911,0
9912,0
9913,0
9914,0
9915,1
9916,0
9917,1
9918,1
9919,1
9920,0
9921,1
9922,1
9923,0
9924,1
9925,0
9926,0
9927,0
9928,1
9929,0
9930,1
9931,0
9932,0
9933,0
9934,0
9935,0
9936,0
9937,1
9938,0
9939,1
9940,1
9941,0
9942,0
9943,0
9944,0
9945,0
9946,0
9947,0
9948,1
9949,0
9950,0
9951,0
9952,0
9953,1
9954,0
9955,1
9956,1
9957,1
9958,0
9959,0
9960,1
9961,1
9962,1
9963,1
9964,0
9965,1
9966,1
9967,1
9968,0
9969,0
9970,1
9971,0
9972,0
9973,0
9974,0
9975,1
9976,0
9977,0
9978,1
9979,0
9980,0
9981,0
9982,0
9983,1
9984,0
9985,0
9986,1
9987,1
9988,1
9989,0
9990,0
9991,1
9992,1
9993,0
9994,0
9995,0
9996,1
9997,0
9998,1
9999,1
10000,0
